Bootstrap_Iteration,Additive_MAE,Additive_RMSE,Godel_Min_MAE,Godel_Min_RMSE,Lukasiewicz_4D_MAE,Lukasiewicz_4D_RMSE,Composite_Min_Add_MAE,Composite_Min_Add_RMSE
1,0.04954,0.06209,0.13783,0.16722,0.486,0.50549,0.0295,0.04943
2,0.05446,0.06604,0.13433,0.15824,0.493,0.50969,0.02708,0.04036
3,0.05879,0.06991,0.14567,0.16723,0.49783,0.51507,0.02867,0.0439
4,0.05658,0.06757,0.14417,0.17153,0.4945,0.51334,0.02967,0.04752
5,0.06346,0.07225,0.16483,0.18412,0.536,0.5491,0.03542,0.05053
6,0.05592,0.06712,0.15017,0.17517,0.50417,0.52262,0.03225,0.04698
7,0.05825,0.0685,0.1495,0.17403,0.51633,0.53368,0.03383,0.04621
8,0.05437,0.06706,0.13767,0.1608,0.48683,0.50452,0.02667,0.03977
9,0.05912,0.0705,0.14717,0.17003,0.50683,0.52328,0.03142,0.04445
10,0.054,0.06653,0.13217,0.1565,0.48767,0.50391,0.02875,0.04346
11,0.05583,0.06651,0.143,0.16493,0.50417,0.52102,0.02517,0.03851
12,0.05475,0.06771,0.14417,0.17248,0.47967,0.49998,0.03142,0.0498
13,0.05067,0.0635,0.13183,0.16012,0.47,0.49142,0.02625,0.04057
14,0.05637,0.06768,0.14567,0.17125,0.50133,0.518,0.02983,0.04428
15,0.04904,0.06118,0.15267,0.18093,0.51317,0.53097,0.03233,0.04921
16,0.06325,0.07098,0.15483,0.17653,0.53183,0.54527,0.02975,0.04523
17,0.06617,0.0747,0.146,0.1626,0.51133,0.52457,0.02867,0.04067
18,0.05371,0.06536,0.13583,0.15855,0.497,0.51205,0.02708,0.03855
19,0.05379,0.06609,0.139,0.16136,0.49167,0.50905,0.02667,0.04099
20,0.06583,0.07563,0.13583,0.15208,0.50033,0.51218,0.02367,0.03298
21,0.04833,0.06167,0.131,0.15658,0.482,0.50071,0.02483,0.04086
22,0.04917,0.06246,0.13367,0.15762,0.483,0.50142,0.02383,0.03888
23,0.05858,0.07015,0.138,0.1574,0.5005,0.51753,0.02625,0.03822
24,0.06008,0.07155,0.15067,0.17337,0.49833,0.51612,0.03425,0.04661
25,0.06475,0.07304,0.15717,0.1768,0.52183,0.53502,0.03475,0.04626
26,0.0595,0.07045,0.15483,0.1779,0.5135,0.52947,0.03683,0.05173
27,0.05363,0.06527,0.149,0.17466,0.50167,0.52026,0.03142,0.04357
28,0.06217,0.07234,0.14983,0.17321,0.5045,0.52124,0.032,0.04636
29,0.05029,0.06301,0.1345,0.16316,0.48267,0.50049,0.0275,0.0454
30,0.06488,0.07369,0.14917,0.16801,0.5155,0.52978,0.0285,0.04099
31,0.0605,0.07077,0.15833,0.18167,0.517,0.53118,0.03625,0.05213
32,0.06121,0.06998,0.15017,0.17252,0.51517,0.53007,0.03217,0.04387
33,0.05604,0.06779,0.15217,0.1774,0.50467,0.52205,0.03133,0.04678
34,0.061,0.07123,0.14783,0.16836,0.4955,0.51226,0.02758,0.0422
35,0.05546,0.06757,0.13417,0.16015,0.47867,0.49797,0.02858,0.04267
36,0.05038,0.06322,0.13067,0.1539,0.4945,0.51202,0.02175,0.03491
37,0.06104,0.07252,0.1405,0.16205,0.49967,0.51521,0.02792,0.03945
38,0.06233,0.07161,0.15533,0.17848,0.51317,0.52893,0.03492,0.04739
39,0.05608,0.06794,0.15183,0.17788,0.5085,0.52487,0.037,0.05385
40,0.05742,0.06918,0.14783,0.17199,0.49817,0.5149,0.02908,0.04531
41,0.06438,0.07386,0.15067,0.17391,0.50467,0.51883,0.03242,0.04593
42,0.06604,0.07588,0.15667,0.17852,0.50717,0.52288,0.036,0.04806
43,0.05513,0.0676,0.13733,0.15863,0.49433,0.51035,0.02558,0.04057
44,0.05404,0.06741,0.13783,0.16151,0.485,0.50025,0.02817,0.04375
45,0.05625,0.06768,0.14167,0.16279,0.49767,0.5152,0.02467,0.03517
46,0.06112,0.07051,0.13983,0.1603,0.50683,0.52126,0.02775,0.04042
47,0.05346,0.06445,0.14867,0.17418,0.50667,0.52298,0.03125,0.04536
48,0.053,0.06494,0.13467,0.1598,0.4875,0.50569,0.02525,0.04144
49,0.06358,0.07276,0.158,0.1777,0.52633,0.53961,0.03233,0.04666
50,0.05808,0.06969,0.1275,0.14528,0.489,0.50419,0.02325,0.03467
51,0.05942,0.07143,0.1365,0.1583,0.48817,0.50464,0.028,0.04135
52,0.06621,0.07575,0.144,0.15962,0.51883,0.53086,0.02592,0.0337
53,0.056,0.06756,0.129,0.1498,0.48983,0.50665,0.02308,0.03336
54,0.04858,0.06339,0.12867,0.15591,0.48167,0.49777,0.02758,0.04083
55,0.05758,0.06844,0.15983,0.18505,0.50933,0.52643,0.03275,0.04963
56,0.05875,0.06715,0.16767,0.19135,0.53617,0.55076,0.03642,0.0532
57,0.04925,0.06266,0.14067,0.16888,0.48167,0.50174,0.02975,0.04754
58,0.05592,0.06694,0.13417,0.15688,0.495,0.51126,0.02358,0.03481
59,0.05742,0.06811,0.16383,0.18833,0.525,0.54187,0.03675,0.05053
60,0.05433,0.06502,0.13933,0.16638,0.49367,0.50969,0.03,0.04457
61,0.05054,0.06238,0.13683,0.15723,0.49867,0.51668,0.02175,0.03742
62,0.06213,0.07254,0.15317,0.17614,0.51767,0.53099,0.03442,0.04898
63,0.05571,0.06781,0.1335,0.14999,0.49667,0.51329,0.02233,0.03314
64,0.06254,0.07348,0.14783,0.16779,0.508,0.52575,0.03167,0.0427
65,0.06312,0.0728,0.14233,0.15822,0.51567,0.5279,0.02675,0.03709
66,0.05338,0.0649,0.13367,0.15609,0.49617,0.51343,0.02583,0.03904
67,0.05642,0.06743,0.149,0.17526,0.50117,0.52025,0.03383,0.04998
68,0.06554,0.07381,0.1565,0.17513,0.52667,0.53977,0.02958,0.04154
69,0.05142,0.06331,0.15333,0.18117,0.50867,0.52809,0.03308,0.05058
70,0.06638,0.07609,0.15083,0.16902,0.507,0.52054,0.03033,0.04212
71,0.06017,0.07028,0.15283,0.17535,0.52933,0.54276,0.03458,0.04847
72,0.044,0.05801,0.1345,0.1636,0.47733,0.49634,0.02975,0.04784
73,0.05858,0.06964,0.14767,0.17028,0.49833,0.51432,0.03192,0.04679
74,0.06171,0.07109,0.157,0.18321,0.51767,0.53462,0.03842,0.05366
75,0.06425,0.07242,0.1525,0.17323,0.52167,0.53566,0.03242,0.04691
76,0.05038,0.06243,0.1425,0.17212,0.48967,0.50809,0.03083,0.04769
77,0.05617,0.06536,0.15133,0.17907,0.5005,0.52047,0.0365,0.05014
78,0.05975,0.06954,0.16,0.18241,0.51833,0.53324,0.034,0.04734
79,0.05304,0.06412,0.144,0.17362,0.4865,0.50816,0.03492,0.04973
80,0.06338,0.07335,0.15817,0.18128,0.5175,0.53158,0.03742,0.05083
81,0.0485,0.06162,0.13733,0.16535,0.48,0.50024,0.029,0.04603
82,0.06063,0.07076,0.134,0.15392,0.49383,0.51147,0.02617,0.03697
83,0.05367,0.06602,0.13683,0.16084,0.49683,0.51467,0.02883,0.04377
84,0.05179,0.06529,0.13,0.15606,0.47983,0.49535,0.02767,0.04111
85,0.05958,0.06939,0.15217,0.17295,0.51933,0.53454,0.02792,0.04219
86,0.05729,0.06779,0.15383,0.17686,0.51117,0.52832,0.02917,0.04578
87,0.05692,0.06756,0.14333,0.16881,0.50367,0.52067,0.02842,0.04369
88,0.05958,0.07136,0.13533,0.15682,0.48917,0.50496,0.02742,0.03867
89,0.05329,0.06644,0.12783,0.15018,0.47017,0.48644,0.02308,0.0352
90,0.05867,0.06885,0.14567,0.16918,0.511,0.52507,0.02842,0.04393
91,0.06033,0.07176,0.13733,0.15702,0.48317,0.49909,0.02725,0.03802
92,0.05946,0.07045,0.13983,0.16547,0.49467,0.50961,0.033,0.04671
93,0.06092,0.06987,0.155,0.17836,0.52133,0.53732,0.03458,0.04965
94,0.05988,0.0702,0.14517,0.16495,0.50967,0.52457,0.02925,0.04074
95,0.05367,0.06631,0.13217,0.1529,0.48517,0.50408,0.02333,0.03423
96,0.06712,0.07522,0.15117,0.16849,0.51767,0.53095,0.02867,0.03867
97,0.0645,0.07236,0.1615,0.18061,0.53267,0.54518,0.03033,0.0454
98,0.05629,0.06746,0.14633,0.17373,0.50383,0.51945,0.03358,0.04785
99,0.05308,0.06537,0.152,0.17925,0.5075,0.52603,0.03558,0.05082
100,0.05175,0.06306,0.153,0.1806,0.511,0.52927,0.03183,0.04916
101,0.06317,0.07188,0.151,0.17104,0.52233,0.53539,0.03067,0.0456
102,0.05867,0.06911,0.148,0.16958,0.50783,0.52549,0.02575,0.0394
103,0.05892,0.06899,0.15233,0.17268,0.52483,0.5407,0.03,0.04487
104,0.05908,0.07053,0.15783,0.1821,0.5145,0.52945,0.03625,0.05218
105,0.0595,0.06936,0.15667,0.18013,0.51333,0.53026,0.0375,0.05035
106,0.05767,0.06878,0.15417,0.17735,0.51883,0.53301,0.03592,0.04828
107,0.05638,0.06793,0.16,0.18703,0.506,0.52269,0.03517,0.05239
108,0.05942,0.07045,0.15717,0.18068,0.51933,0.53621,0.035,0.04835
109,0.06029,0.07057,0.15167,0.1747,0.51867,0.53361,0.03575,0.04778
110,0.06596,0.07427,0.1545,0.17381,0.51817,0.53256,0.03133,0.04548
111,0.05342,0.06353,0.15733,0.18531,0.52067,0.53823,0.03675,0.05448
112,0.06383,0.07383,0.142,0.16258,0.50017,0.51453,0.03183,0.04129
113,0.06396,0.07319,0.15067,0.17048,0.50667,0.5238,0.02967,0.04011
114,0.05404,0.06512,0.13533,0.1558,0.4915,0.50856,0.02367,0.03602
115,0.05846,0.06981,0.14283,0.16686,0.50183,0.5173,0.03458,0.04838
116,0.05633,0.06727,0.14633,0.17024,0.492,0.51042,0.03017,0.04481
117,0.05288,0.066,0.12833,0.14831,0.4865,0.5042,0.02033,0.03113
118,0.05079,0.06289,0.13267,0.15504,0.49667,0.51439,0.02475,0.03786
119,0.05996,0.06981,0.14117,0.15936,0.50317,0.52119,0.02658,0.03747
120,0.05325,0.06511,0.14117,0.16579,0.48733,0.50581,0.02975,0.04588
121,0.063,0.07189,0.15633,0.17766,0.5275,0.54319,0.03117,0.04284
122,0.06017,0.07037,0.1495,0.16985,0.513,0.52659,0.03075,0.04182
123,0.05792,0.06898,0.151,0.17561,0.513,0.53003,0.03242,0.04733
124,0.04671,0.05878,0.13383,0.16242,0.4755,0.49623,0.02908,0.04569
125,0.05104,0.0637,0.13567,0.1619,0.47833,0.49982,0.02608,0.04065
126,0.05912,0.07015,0.146,0.16849,0.50333,0.51906,0.02975,0.0471
127,0.06917,0.07671,0.1595,0.1793,0.52567,0.53994,0.03483,0.04674
128,0.05988,0.06878,0.14217,0.16202,0.50583,0.52128,0.02642,0.03731
129,0.06088,0.06975,0.1495,0.16666,0.5275,0.54179,0.02775,0.03971
130,0.05592,0.06659,0.14483,0.1704,0.50433,0.5184,0.02917,0.0436
131,0.05867,0.07013,0.14517,0.16834,0.4995,0.51296,0.028,0.04481
132,0.05692,0.06686,0.15733,0.18207,0.52017,0.53498,0.03708,0.05151
133,0.067,0.07475,0.165,0.18274,0.5345,0.54662,0.03342,0.04679
134,0.06171,0.07108,0.1645,0.18805,0.524,0.53987,0.03858,0.05378
135,0.05767,0.06749,0.137,0.15884,0.49383,0.51128,0.02408,0.03711
136,0.05583,0.06716,0.14483,0.16744,0.509,0.52405,0.02608,0.04121
137,0.06317,0.07257,0.15517,0.17549,0.52583,0.53963,0.03242,0.0459
138,0.05817,0.06894,0.13267,0.15186,0.48533,0.50291,0.02483,0.03526
139,0.06875,0.07504,0.16467,0.1791,0.534,0.54526,0.0305,0.04382
140,0.04821,0.06191,0.12467,0.15344,0.465,0.48562,0.02667,0.03992
141,0.05712,0.06857,0.15417,0.17932,0.51817,0.53435,0.03683,0.05181
142,0.06129,0.07275,0.13317,0.15155,0.4885,0.50199,0.02375,0.03416
143,0.04442,0.05746,0.12683,0.15686,0.472,0.49331,0.02492,0.03962
144,0.06033,0.07077,0.15267,0.17737,0.50617,0.52356,0.0335,0.04757
145,0.0515,0.0639,0.13517,0.16159,0.4835,0.50228,0.02975,0.04281
146,0.05563,0.06696,0.13417,0.15974,0.477,0.49621,0.02858,0.04121
147,0.05829,0.06841,0.144,0.16527,0.515,0.53022,0.02758,0.04093
148,0.06396,0.07315,0.1585,0.17835,0.5375,0.54987,0.03117,0.04359
149,0.06054,0.07144,0.13967,0.16089,0.49217,0.50645,0.02917,0.04095
150,0.05417,0.06624,0.1385,0.16185,0.498,0.51575,0.028,0.04264
151,0.05204,0.06616,0.13,0.15321,0.4715,0.48939,0.02383,0.03741
152,0.05967,0.06972,0.15183,0.17435,0.515,0.52936,0.03192,0.04552
153,0.04571,0.05909,0.12817,0.15486,0.483,0.4989,0.02792,0.04392
154,0.05704,0.06802,0.14167,0.16306,0.4985,0.51568,0.02675,0.03844
155,0.06596,0.07513,0.15233,0.17179,0.52433,0.53887,0.032,0.04262
156,0.05625,0.06664,0.138,0.16194,0.49883,0.51364,0.02992,0.04218
157,0.05396,0.06571,0.13417,0.15797,0.486,0.50359,0.02708,0.0404
158,0.06083,0.07042,0.1555,0.17555,0.5305,0.54473,0.031,0.0441
159,0.06267,0.07246,0.15083,0.16913,0.52133,0.53376,0.02767,0.04149
160,0.05696,0.06909,0.13567,0.15496,0.49267,0.50806,0.02575,0.03762
161,0.05975,0.07014,0.1345,0.15231,0.49633,0.51055,0.02208,0.03283
162,0.06029,0.06937,0.165,0.18802,0.52583,0.54152,0.03808,0.05072
163,0.05875,0.06992,0.13217,0.15436,0.489,0.50578,0.026,0.03577
164,0.05692,0.06837,0.1325,0.15521,0.49167,0.50869,0.02708,0.0374
165,0.06221,0.07224,0.1335,0.15362,0.48533,0.49814,0.02417,0.03743
166,0.06579,0.07454,0.15133,0.16956,0.52383,0.53405,0.0305,0.04121
167,0.06508,0.07426,0.14367,0.16259,0.515,0.52778,0.03017,0.0426
168,0.05654,0.0664,0.1455,0.16459,0.50567,0.52598,0.02692,0.03792
169,0.06425,0.07335,0.15617,0.17457,0.52317,0.53643,0.031,0.043
170,0.05808,0.07035,0.12833,0.14747,0.4875,0.50348,0.02242,0.03216
171,0.05688,0.06817,0.13933,0.16283,0.49933,0.51553,0.0285,0.04014
172,0.06679,0.07543,0.15583,0.17486,0.521,0.53313,0.03817,0.04967
173,0.06075,0.07069,0.14283,0.16316,0.50917,0.52354,0.02683,0.03691
174,0.05388,0.06573,0.1555,0.17962,0.51833,0.53506,0.0325,0.04569
175,0.06329,0.07276,0.15167,0.17309,0.51833,0.53195,0.032,0.04628
176,0.05054,0.06299,0.1305,0.15676,0.47167,0.49122,0.02667,0.0429
177,0.05346,0.06675,0.14067,0.16322,0.49483,0.51411,0.02908,0.04411
178,0.05938,0.06939,0.154,0.1768,0.51233,0.52842,0.03333,0.04832
179,0.05283,0.06366,0.13217,0.15636,0.4785,0.49552,0.025,0.0368
180,0.06092,0.07077,0.16333,0.18789,0.517,0.53308,0.03733,0.05204
181,0.05692,0.06853,0.14683,0.17201,0.491,0.51074,0.02992,0.04267
182,0.06246,0.07192,0.16183,0.18141,0.52717,0.54233,0.03333,0.04697
183,0.05638,0.06825,0.149,0.17694,0.4935,0.50972,0.03167,0.04879
184,0.07179,0.07939,0.1525,0.16958,0.52167,0.53374,0.03125,0.044
185,0.05888,0.0702,0.14533,0.16746,0.5055,0.52133,0.02733,0.04049
186,0.05838,0.07029,0.14733,0.17243,0.50517,0.52224,0.0345,0.0469
187,0.06229,0.07127,0.14517,0.1625,0.50917,0.52387,0.02667,0.03744
188,0.05879,0.06809,0.1545,0.17424,0.52867,0.54172,0.03217,0.04704
189,0.05433,0.06597,0.14267,0.17047,0.48783,0.5086,0.03092,0.04313
190,0.05542,0.0677,0.1425,0.16635,0.50283,0.52065,0.02917,0.04428
191,0.04546,0.05882,0.13167,0.16166,0.48433,0.5038,0.02933,0.04779
192,0.05213,0.06501,0.14517,0.16907,0.4905,0.51175,0.03225,0.04601
193,0.04238,0.05849,0.112,0.1402,0.45467,0.47137,0.02283,0.03926
194,0.0585,0.06917,0.11933,0.13658,0.481,0.497,0.0195,0.02652
195,0.05967,0.06932,0.13017,0.15298,0.49067,0.50982,0.02883,0.04125
196,0.05933,0.06816,0.15917,0.18074,0.536,0.54971,0.03167,0.04507
197,0.05821,0.0681,0.14917,0.17529,0.50333,0.51899,0.03092,0.04446
198,0.06521,0.07513,0.1375,0.15653,0.49033,0.50452,0.02783,0.03874
199,0.061,0.07033,0.15367,0.17419,0.514,0.52837,0.03275,0.04603
200,0.05296,0.06662,0.1305,0.1527,0.48733,0.50324,0.02292,0.03849
201,0.05458,0.06638,0.14083,0.16746,0.49,0.50844,0.02767,0.04242
202,0.05938,0.06965,0.1485,0.17313,0.50717,0.5218,0.03233,0.04743
203,0.06154,0.07161,0.14983,0.17064,0.511,0.52622,0.035,0.0464
204,0.06304,0.07169,0.1615,0.18037,0.53133,0.54566,0.03008,0.04279
205,0.06021,0.06957,0.1585,0.18371,0.52283,0.54046,0.03825,0.05217
206,0.0605,0.07168,0.13333,0.15432,0.48667,0.50268,0.02675,0.03877
207,0.05954,0.06891,0.154,0.17683,0.50867,0.52307,0.03075,0.04446
208,0.06538,0.07442,0.14883,0.16605,0.5185,0.53125,0.02742,0.04281
209,0.06371,0.07349,0.157,0.17881,0.5145,0.52897,0.03442,0.04864
210,0.05275,0.0657,0.12867,0.15111,0.4765,0.49439,0.02417,0.03722
211,0.05417,0.06418,0.14383,0.1691,0.50967,0.52625,0.03258,0.04673
212,0.05588,0.06794,0.12283,0.14518,0.48,0.49431,0.02375,0.03786
213,0.06304,0.07263,0.15117,0.1747,0.51167,0.52284,0.03033,0.04078
214,0.06517,0.0722,0.17333,0.19242,0.53983,0.55386,0.035,0.04834
215,0.05933,0.07039,0.13633,0.15792,0.49783,0.51271,0.02633,0.03744
216,0.04933,0.06267,0.14333,0.1719,0.49067,0.50929,0.03267,0.05072
217,0.05342,0.06487,0.14967,0.17958,0.50133,0.51982,0.03708,0.0546
218,0.06438,0.07428,0.1575,0.1771,0.52517,0.53867,0.03283,0.04378
219,0.05442,0.06582,0.141,0.16706,0.48767,0.50798,0.03167,0.04572
220,0.05454,0.06689,0.1365,0.16027,0.49567,0.51377,0.02692,0.04098
221,0.06767,0.07605,0.15417,0.1712,0.53083,0.54432,0.03167,0.0413
222,0.05754,0.06852,0.15167,0.17687,0.50417,0.52033,0.03142,0.04799
223,0.05933,0.06902,0.13733,0.15822,0.49533,0.51356,0.02942,0.03994
224,0.06779,0.07588,0.1465,0.16418,0.50883,0.52224,0.02742,0.03927
225,0.06263,0.07134,0.1725,0.19428,0.53117,0.54612,0.039,0.05562
226,0.06058,0.07103,0.14517,0.16734,0.4985,0.5148,0.03033,0.04386
227,0.06004,0.06966,0.15,0.17326,0.50883,0.52471,0.0315,0.04866
228,0.06088,0.07129,0.14983,0.17319,0.50633,0.52351,0.03167,0.0464
229,0.06325,0.07174,0.162,0.18416,0.52667,0.54165,0.03783,0.05258
230,0.05467,0.0656,0.14083,0.16527,0.49667,0.51601,0.02917,0.0431
231,0.05562,0.06767,0.13117,0.1521,0.49117,0.50673,0.02683,0.04102
232,0.04879,0.06138,0.11933,0.14747,0.467,0.48496,0.02425,0.03663
233,0.05504,0.06867,0.1305,0.15429,0.48133,0.49778,0.02775,0.04106
234,0.05292,0.06561,0.14133,0.16784,0.48233,0.50032,0.02908,0.04511
235,0.06283,0.07255,0.16283,0.18448,0.53067,0.54616,0.03633,0.05222
236,0.06163,0.07129,0.14733,0.16661,0.5105,0.52481,0.02917,0.04128
237,0.05467,0.06672,0.13967,0.16535,0.49333,0.50891,0.0295,0.04366
238,0.05417,0.06699,0.128,0.15122,0.4805,0.49707,0.02542,0.0371
239,0.05912,0.0714,0.13717,0.1572,0.48517,0.50297,0.026,0.03783
240,0.06367,0.07229,0.1515,0.17367,0.51533,0.53096,0.033,0.04686
241,0.05433,0.06534,0.13933,0.163,0.50767,0.52497,0.02758,0.04213
242,0.05508,0.06663,0.13267,0.15437,0.50267,0.51934,0.02325,0.03614
243,0.05358,0.06615,0.144,0.17089,0.4885,0.50863,0.03275,0.04741
244,0.06463,0.07441,0.14583,0.16415,0.50367,0.5175,0.02725,0.03682
245,0.06338,0.07232,0.158,0.17828,0.51233,0.52675,0.03183,0.04357
246,0.0545,0.06509,0.1415,0.16629,0.4925,0.5106,0.0305,0.04406
247,0.06088,0.07061,0.15583,0.17725,0.52067,0.53743,0.03075,0.04267
248,0.0545,0.06567,0.15233,0.18152,0.51217,0.52858,0.03533,0.05422
249,0.05929,0.07118,0.1325,0.15008,0.49633,0.51111,0.02325,0.0341
250,0.06325,0.07336,0.15267,0.17324,0.51633,0.53107,0.03058,0.04515
251,0.05758,0.06892,0.13083,0.15183,0.49983,0.51429,0.02492,0.0352
252,0.05979,0.0698,0.1555,0.18109,0.51017,0.52739,0.03458,0.04867
253,0.05292,0.06357,0.15667,0.18267,0.5205,0.53754,0.03092,0.0463
254,0.053,0.06443,0.13017,0.15532,0.48633,0.50344,0.02667,0.0404
255,0.05638,0.06765,0.13667,0.16213,0.4985,0.51431,0.02925,0.04504
256,0.05817,0.06922,0.13717,0.15943,0.48617,0.50103,0.0245,0.03572
257,0.06483,0.07426,0.1435,0.15884,0.50583,0.5183,0.02583,0.03649
258,0.05946,0.06905,0.16017,0.18175,0.5175,0.53414,0.03142,0.04772
259,0.05496,0.0674,0.13567,0.16103,0.49333,0.51111,0.0275,0.04026
260,0.05075,0.06261,0.14667,0.17532,0.49583,0.51386,0.03167,0.04927
261,0.05583,0.06775,0.1295,0.15368,0.49017,0.50681,0.02525,0.03744
262,0.05675,0.067,0.1575,0.18501,0.52033,0.53664,0.03833,0.05389
263,0.05317,0.0645,0.1505,0.18112,0.4985,0.51621,0.03817,0.05505
264,0.05396,0.06747,0.11883,0.13882,0.45967,0.47631,0.0215,0.03249
265,0.05717,0.06708,0.1615,0.1866,0.5185,0.535,0.03733,0.0506
266,0.05192,0.06236,0.143,0.1714,0.498,0.51469,0.03017,0.0461
267,0.05671,0.06909,0.12833,0.15022,0.47967,0.49515,0.02375,0.03558
268,0.06158,0.07204,0.1445,0.1686,0.497,0.51466,0.03358,0.04729
269,0.05333,0.06456,0.13833,0.16485,0.49483,0.51143,0.02767,0.04322
270,0.0585,0.06888,0.14733,0.16806,0.518,0.53373,0.02842,0.04121
271,0.0525,0.06436,0.12967,0.156,0.482,0.50192,0.02667,0.03987
272,0.05838,0.06876,0.15867,0.18504,0.51367,0.53006,0.03808,0.05308
273,0.05571,0.06752,0.12567,0.14587,0.47783,0.49581,0.02283,0.03468
274,0.04788,0.06121,0.1325,0.15922,0.47733,0.49546,0.02692,0.04036
275,0.05883,0.06947,0.1495,0.1715,0.50733,0.52473,0.03208,0.04379
276,0.04679,0.0588,0.12533,0.15093,0.47183,0.49222,0.02208,0.03666
277,0.06038,0.07244,0.126,0.14269,0.48883,0.5022,0.02275,0.03131
278,0.05242,0.06393,0.15083,0.1809,0.50683,0.52387,0.03508,0.05142
279,0.05958,0.07126,0.13567,0.15641,0.49,0.50584,0.02583,0.0358
280,0.06879,0.07593,0.14517,0.15959,0.51633,0.52914,0.02808,0.03704
281,0.05737,0.06936,0.14117,0.16772,0.492,0.50865,0.03092,0.04526
282,0.05663,0.06826,0.144,0.16703,0.50083,0.51847,0.02958,0.04313
283,0.06133,0.07159,0.13017,0.14848,0.4925,0.5073,0.02483,0.03552
284,0.06258,0.07256,0.15117,0.17238,0.50867,0.52603,0.03125,0.0427
285,0.05329,0.06757,0.13067,0.15332,0.481,0.49599,0.02625,0.0389
286,0.05579,0.06804,0.1275,0.15108,0.47867,0.49674,0.02383,0.03572
287,0.06946,0.07729,0.1505,0.16593,0.51817,0.52839,0.02983,0.04092
288,0.05892,0.06953,0.14933,0.17261,0.5085,0.5258,0.03175,0.04658
289,0.06542,0.07334,0.164,0.18292,0.53217,0.54606,0.03458,0.04512
290,0.05963,0.06919,0.15717,0.17973,0.52917,0.5441,0.03592,0.0505
291,0.06242,0.07181,0.15483,0.17747,0.51517,0.53081,0.033,0.04678
292,0.05508,0.0666,0.12967,0.15192,0.47267,0.49385,0.02583,0.03678
293,0.05896,0.07036,0.14817,0.16725,0.50433,0.52096,0.032,0.04415
294,0.05583,0.06854,0.138,0.16225,0.479,0.49841,0.02758,0.03911
295,0.06075,0.07223,0.13433,0.15725,0.48233,0.49872,0.02942,0.04288
296,0.06279,0.0712,0.1635,0.18484,0.52433,0.53845,0.03342,0.04788
297,0.05612,0.06666,0.14383,0.16953,0.5035,0.51824,0.03342,0.04607
298,0.05371,0.06653,0.125,0.14459,0.4895,0.50571,0.02117,0.0329
299,0.06013,0.06922,0.14967,0.17043,0.51733,0.53217,0.02758,0.04028
300,0.049,0.06239,0.133,0.15908,0.47567,0.49461,0.02875,0.04123
301,0.05129,0.06183,0.13867,0.16659,0.488,0.50646,0.028,0.04262
302,0.06458,0.07384,0.16283,0.18674,0.52133,0.53477,0.03533,0.05277
303,0.06,0.07133,0.14733,0.16979,0.50267,0.51919,0.03167,0.04301
304,0.05812,0.06983,0.14017,0.16197,0.49533,0.51147,0.02575,0.03999
305,0.06146,0.07111,0.151,0.17104,0.51367,0.52889,0.03083,0.04326
306,0.06046,0.07033,0.1535,0.17525,0.51483,0.52921,0.033,0.04611
307,0.05958,0.07,0.15083,0.17254,0.51467,0.52841,0.02667,0.04226
308,0.04779,0.06212,0.119,0.14428,0.46267,0.48359,0.026,0.03735
309,0.06163,0.07193,0.14217,0.1632,0.50333,0.51925,0.028,0.03893
310,0.05592,0.06768,0.1465,0.16935,0.5055,0.52174,0.0335,0.04896
311,0.05696,0.06905,0.13583,0.15923,0.49783,0.51308,0.02758,0.04028
312,0.06263,0.07193,0.142,0.16073,0.511,0.52397,0.02717,0.03667
313,0.05683,0.06888,0.14483,0.16997,0.4945,0.51046,0.0305,0.04583
314,0.05929,0.07066,0.12933,0.14878,0.48433,0.49763,0.02075,0.03031
315,0.06946,0.07746,0.15117,0.16873,0.52067,0.53069,0.02833,0.03826
316,0.0565,0.06824,0.15517,0.18148,0.50283,0.5197,0.03617,0.0513
317,0.05167,0.06322,0.13833,0.1632,0.49383,0.51207,0.02725,0.04202
318,0.05854,0.07008,0.15133,0.1748,0.50233,0.51829,0.032,0.04778
319,0.06362,0.07314,0.15433,0.17237,0.51683,0.5301,0.02992,0.04136
320,0.05783,0.06857,0.15217,0.17703,0.50883,0.52731,0.03333,0.04832
321,0.0585,0.06958,0.13533,0.15831,0.49083,0.50741,0.02758,0.03801
322,0.04988,0.06226,0.12917,0.15303,0.474,0.49408,0.02617,0.03754
323,0.05637,0.06888,0.141,0.16292,0.4985,0.51612,0.02742,0.04219
324,0.0625,0.07145,0.1605,0.17896,0.53683,0.55043,0.03425,0.04814
325,0.06196,0.07199,0.14967,0.16908,0.51217,0.52713,0.02767,0.03972
326,0.05258,0.06485,0.1355,0.16047,0.48233,0.50039,0.02617,0.04136
327,0.06496,0.07172,0.17433,0.19379,0.5445,0.55711,0.03775,0.04952
328,0.05712,0.06889,0.12667,0.14756,0.48667,0.50286,0.02417,0.03606
329,0.06467,0.07341,0.16067,0.18225,0.52317,0.53609,0.035,0.05034
330,0.05525,0.06822,0.129,0.15294,0.47783,0.49493,0.02758,0.03906
331,0.06213,0.07106,0.1525,0.17826,0.50417,0.52278,0.03583,0.05167
332,0.05954,0.06991,0.14767,0.16749,0.516,0.53037,0.02892,0.03928
333,0.06392,0.07508,0.131,0.14901,0.492,0.50653,0.02425,0.03501
334,0.06771,0.07488,0.16333,0.18264,0.52183,0.53517,0.03508,0.04947
335,0.05763,0.06884,0.1365,0.1603,0.49483,0.51071,0.02817,0.03947
336,0.05829,0.06999,0.13933,0.16204,0.4905,0.5085,0.02767,0.04274
337,0.05246,0.06515,0.13433,0.1595,0.485,0.50315,0.02642,0.04124
338,0.06,0.06789,0.17517,0.19599,0.55783,0.57118,0.03725,0.05158
339,0.05592,0.06684,0.1495,0.17639,0.49467,0.51642,0.03342,0.04721
340,0.05921,0.07051,0.1435,0.16672,0.499,0.51589,0.0315,0.0469
341,0.06,0.06972,0.14333,0.16544,0.504,0.51933,0.031,0.04297
342,0.05546,0.06852,0.12617,0.14914,0.46883,0.48451,0.02592,0.03817
343,0.05875,0.0682,0.148,0.16998,0.51217,0.53188,0.03375,0.04384
344,0.06396,0.07344,0.1455,0.16196,0.51817,0.52958,0.02425,0.03296
345,0.05783,0.06962,0.1265,0.14381,0.48833,0.50272,0.02125,0.03064
346,0.05617,0.06719,0.139,0.16105,0.49633,0.51489,0.02617,0.03914
347,0.05617,0.06817,0.13783,0.15839,0.504,0.51708,0.02542,0.03747
348,0.05817,0.06904,0.149,0.16994,0.51167,0.52797,0.02933,0.0435
349,0.05525,0.06613,0.14217,0.16937,0.49733,0.51517,0.03067,0.04745
350,0.05296,0.06458,0.1335,0.15903,0.49033,0.50881,0.027,0.04049
351,0.06029,0.0716,0.13917,0.16397,0.49317,0.51105,0.03133,0.04672
352,0.05296,0.06545,0.14467,0.1722,0.48633,0.50306,0.03192,0.04615
353,0.06079,0.07058,0.13967,0.162,0.50517,0.51749,0.02725,0.04152
354,0.05529,0.06676,0.13833,0.15878,0.50133,0.51875,0.02892,0.03951
355,0.05138,0.06354,0.13133,0.15466,0.4835,0.50305,0.02633,0.03963
356,0.05792,0.06807,0.14617,0.16805,0.513,0.53142,0.02975,0.04267
357,0.05538,0.06806,0.11933,0.14023,0.47333,0.48784,0.02317,0.03204
358,0.06267,0.07186,0.1465,0.16607,0.50667,0.52359,0.02725,0.03848
359,0.05463,0.06645,0.13367,0.15692,0.48617,0.50166,0.02717,0.04009
360,0.05792,0.06975,0.13467,0.15523,0.492,0.50619,0.02758,0.03743
361,0.06758,0.07666,0.14933,0.16625,0.51417,0.52687,0.03117,0.04163
362,0.05825,0.06781,0.147,0.17041,0.50717,0.52346,0.031,0.04257
363,0.05783,0.06834,0.13967,0.16491,0.49617,0.51234,0.02867,0.04104
364,0.05029,0.06303,0.13333,0.15888,0.48483,0.50437,0.026,0.03898
365,0.05813,0.06852,0.14217,0.16719,0.48733,0.50562,0.02525,0.04031
366,0.05467,0.06697,0.12217,0.1449,0.47883,0.49542,0.02275,0.0355
367,0.05854,0.0691,0.13633,0.15902,0.49467,0.51282,0.031,0.04235
368,0.05321,0.06567,0.12683,0.14999,0.48067,0.49488,0.02242,0.03483
369,0.06063,0.06855,0.168,0.18962,0.535,0.54969,0.03908,0.0518
370,0.05088,0.06387,0.12567,0.14853,0.47883,0.49552,0.02525,0.03667
371,0.05225,0.0647,0.154,0.18201,0.4915,0.51197,0.0375,0.05563
372,0.06138,0.07187,0.15117,0.17548,0.51033,0.52623,0.03583,0.04694
373,0.05679,0.06889,0.12383,0.14507,0.47083,0.48974,0.02717,0.03699
374,0.05942,0.0697,0.15817,0.18431,0.51467,0.53219,0.03792,0.05267
375,0.05554,0.06774,0.13983,0.16243,0.49267,0.50867,0.02767,0.04167
376,0.06446,0.07325,0.15483,0.17705,0.51517,0.53028,0.0375,0.04852
377,0.04754,0.06136,0.13517,0.16492,0.48167,0.50245,0.02825,0.04558
378,0.06229,0.07258,0.142,0.16077,0.50767,0.52354,0.02792,0.04024
379,0.06279,0.07314,0.153,0.17432,0.50817,0.52085,0.03467,0.04811
380,0.05917,0.07052,0.143,0.16708,0.5025,0.51873,0.03058,0.04183
381,0.04863,0.0608,0.1425,0.17065,0.49717,0.5163,0.03233,0.0486
382,0.06263,0.07211,0.15467,0.17707,0.51567,0.53107,0.0355,0.04869
383,0.05046,0.06314,0.12717,0.15173,0.48,0.49633,0.02617,0.03874
384,0.05896,0.07091,0.12417,0.14269,0.4815,0.49861,0.02342,0.0321
385,0.05954,0.06941,0.139,0.16216,0.4885,0.50504,0.03025,0.04371
386,0.05438,0.06593,0.12967,0.15201,0.48667,0.50387,0.02808,0.03982
387,0.04721,0.06024,0.13783,0.16676,0.494,0.51207,0.03008,0.0478
388,0.05638,0.06672,0.15,0.17321,0.51533,0.53001,0.0315,0.04253
389,0.06613,0.07511,0.143,0.162,0.49667,0.51043,0.02667,0.03727
390,0.05958,0.06953,0.14717,0.17047,0.513,0.52847,0.02942,0.04217
391,0.05829,0.07003,0.143,0.16774,0.486,0.50175,0.03175,0.04738
392,0.05329,0.06604,0.138,0.1632,0.4925,0.51112,0.03,0.04246
393,0.06333,0.07214,0.148,0.16634,0.51733,0.53256,0.03025,0.04016
394,0.04875,0.06393,0.11467,0.13719,0.45733,0.47496,0.02158,0.03296
395,0.05733,0.06728,0.15133,0.17642,0.50867,0.52507,0.03133,0.04758
396,0.05638,0.06771,0.1325,0.1548,0.481,0.50258,0.02608,0.03783
397,0.05967,0.07089,0.13667,0.161,0.49333,0.51153,0.02892,0.04125
398,0.04738,0.06302,0.1045,0.12525,0.43383,0.45386,0.01867,0.02856
399,0.06217,0.07117,0.15683,0.17655,0.522,0.53579,0.02925,0.04395
400,0.05867,0.07072,0.143,0.16341,0.49633,0.51107,0.03025,0.04224
401,0.06067,0.07172,0.14317,0.16057,0.50017,0.51595,0.02742,0.04018
402,0.05833,0.06849,0.148,0.17128,0.5155,0.53013,0.02783,0.04393
403,0.05667,0.06835,0.147,0.17038,0.50383,0.51994,0.03383,0.04681
404,0.06462,0.07295,0.15683,0.17549,0.51933,0.53491,0.03117,0.04218
405,0.05558,0.06572,0.14483,0.16938,0.50467,0.52131,0.02942,0.04306
406,0.05913,0.06812,0.15583,0.17721,0.52217,0.53872,0.03375,0.04663
407,0.07296,0.07985,0.16883,0.1837,0.53467,0.54465,0.0325,0.04583
408,0.05325,0.06633,0.12417,0.14387,0.48083,0.49702,0.0225,0.03233
409,0.06038,0.07033,0.13967,0.16298,0.49367,0.50847,0.02975,0.04314
410,0.05671,0.06797,0.13667,0.16045,0.4875,0.50429,0.0255,0.03977
411,0.06158,0.07365,0.1345,0.15005,0.49833,0.51222,0.02167,0.0322
412,0.05733,0.06779,0.14233,0.16744,0.50367,0.5186,0.02833,0.04538
413,0.06442,0.07336,0.159,0.17958,0.52167,0.53746,0.03483,0.04639
414,0.05463,0.06634,0.13467,0.15961,0.48867,0.50737,0.02817,0.04305
415,0.05308,0.0641,0.14483,0.17098,0.50467,0.52394,0.032,0.04604
416,0.05663,0.0666,0.14183,0.16778,0.50333,0.5203,0.03025,0.0438
417,0.05221,0.06467,0.13233,0.15733,0.486,0.50269,0.02533,0.04039
418,0.06154,0.07021,0.15967,0.18108,0.53167,0.54533,0.03175,0.04457
419,0.06463,0.07347,0.14567,0.16056,0.52067,0.53287,0.02792,0.03933
420,0.05292,0.06463,0.1395,0.16368,0.49817,0.51356,0.02825,0.04474
421,0.04933,0.06331,0.12233,0.14787,0.4655,0.48506,0.02383,0.03584
422,0.06625,0.07467,0.141,0.15862,0.50833,0.5243,0.028,0.03891
423,0.06221,0.07177,0.15817,0.18024,0.52133,0.53736,0.03492,0.04631
424,0.06025,0.06924,0.146,0.16815,0.50933,0.52516,0.03042,0.04266
425,0.04983,0.06252,0.1355,0.16502,0.49367,0.5088,0.02925,0.04692
426,0.06912,0.07663,0.15933,0.17918,0.52,0.5349,0.03267,0.04398
427,0.06417,0.07348,0.14933,0.16834,0.5195,0.53212,0.02908,0.04082
428,0.05608,0.06605,0.14583,0.16998,0.51133,0.5263,0.02767,0.04171
429,0.05888,0.06871,0.15017,0.1734,0.507,0.52415,0.0325,0.04665
430,0.06396,0.07418,0.13967,0.15756,0.49767,0.51377,0.02708,0.03628
431,0.05817,0.06913,0.15033,0.1752,0.49933,0.51959,0.032,0.04421
432,0.05825,0.06842,0.15183,0.17367,0.527,0.54135,0.02917,0.04519
433,0.05188,0.06291,0.15033,0.17874,0.50117,0.51883,0.034,0.04799
434,0.05808,0.06926,0.131,0.14964,0.482,0.49815,0.02275,0.03345
435,0.05613,0.06688,0.13617,0.15953,0.5005,0.51891,0.0265,0.03914
436,0.06033,0.07177,0.1435,0.16579,0.49883,0.51474,0.02892,0.03826
437,0.06304,0.0743,0.13817,0.15642,0.48867,0.50397,0.02325,0.03355
438,0.06025,0.0718,0.14433,0.16635,0.5005,0.51813,0.02733,0.04056
439,0.05875,0.0683,0.1505,0.17429,0.51233,0.52796,0.03167,0.0461
440,0.05967,0.07007,0.15733,0.17982,0.51967,0.5364,0.034,0.04792
441,0.05946,0.0705,0.13617,0.15772,0.49317,0.50741,0.02442,0.03746
442,0.05938,0.07118,0.14367,0.16497,0.49567,0.51207,0.03,0.04124
443,0.058,0.07027,0.14,0.16139,0.50017,0.51559,0.02758,0.04182
444,0.06221,0.0714,0.149,0.17076,0.5135,0.53127,0.032,0.0452
445,0.05513,0.06617,0.152,0.17895,0.508,0.5242,0.03575,0.05019
446,0.05325,0.06603,0.13283,0.15693,0.481,0.49861,0.02583,0.03977
447,0.06833,0.0766,0.15933,0.17715,0.53117,0.54307,0.03508,0.04705
448,0.05633,0.06795,0.14833,0.17111,0.5045,0.52,0.02825,0.042
449,0.06462,0.07205,0.17883,0.19946,0.53617,0.54898,0.04017,0.05126
450,0.05888,0.06915,0.15367,0.18035,0.51033,0.52425,0.03358,0.04964
451,0.06342,0.07261,0.15283,0.17126,0.527,0.54034,0.02892,0.04006
452,0.04971,0.06219,0.16117,0.19157,0.50817,0.52866,0.04167,0.05921
453,0.05892,0.07052,0.13517,0.15233,0.4955,0.51096,0.02567,0.03588
454,0.05554,0.06676,0.13883,0.16059,0.50233,0.52012,0.02608,0.03764
455,0.05212,0.06351,0.16417,0.19282,0.5045,0.5255,0.03883,0.0573
456,0.06033,0.07078,0.14717,0.16779,0.512,0.52665,0.02858,0.04267
457,0.06796,0.07501,0.178,0.1988,0.54317,0.55775,0.04325,0.05584
458,0.05567,0.0666,0.15467,0.18027,0.519,0.53294,0.03058,0.04959
459,0.06121,0.07119,0.13217,0.15513,0.484,0.49867,0.02508,0.03778
460,0.06,0.06976,0.15333,0.17464,0.51683,0.53156,0.029,0.0439
461,0.0545,0.06596,0.14117,0.16723,0.496,0.51303,0.03233,0.04682
462,0.05588,0.06821,0.13333,0.15424,0.49017,0.50851,0.02383,0.03408
463,0.06446,0.07357,0.14233,0.16482,0.50733,0.52483,0.03075,0.04282
464,0.06321,0.07315,0.14117,0.16084,0.49817,0.51404,0.02458,0.0376
465,0.0535,0.06526,0.1205,0.14035,0.47833,0.49612,0.02075,0.02966
466,0.05042,0.0637,0.1295,0.15622,0.47233,0.49153,0.0285,0.0418
467,0.05708,0.06959,0.1285,0.14817,0.48867,0.50351,0.02508,0.0352
468,0.05338,0.06511,0.12533,0.14989,0.4715,0.49251,0.0245,0.03804
469,0.05817,0.07055,0.1345,0.15435,0.4815,0.49923,0.02292,0.03383
470,0.06408,0.07269,0.15267,0.17597,0.51483,0.52858,0.032,0.04847
471,0.06433,0.07334,0.1535,0.17427,0.52483,0.53811,0.03367,0.0483
472,0.053,0.06677,0.12517,0.14624,0.4755,0.49164,0.02342,0.03464
473,0.05229,0.06312,0.13867,0.16332,0.50133,0.51899,0.0265,0.04186
474,0.0565,0.06851,0.14083,0.16571,0.49117,0.51008,0.03183,0.04601
475,0.05996,0.06975,0.158,0.17896,0.52583,0.54183,0.03492,0.04777
476,0.04688,0.06163,0.1135,0.13708,0.45567,0.47302,0.01942,0.02896
477,0.06592,0.076,0.13683,0.15578,0.49017,0.50472,0.02675,0.03801
478,0.05442,0.06691,0.1405,0.16285,0.49217,0.51041,0.02675,0.04088
479,0.05779,0.06874,0.15083,0.17574,0.50483,0.52231,0.03092,0.04648
480,0.05263,0.06506,0.127,0.14922,0.48467,0.501,0.02392,0.03489
481,0.05079,0.06375,0.13733,0.16836,0.48167,0.50138,0.03033,0.04627
482,0.05217,0.06397,0.13433,0.16003,0.4925,0.51257,0.0255,0.03846
483,0.056,0.06713,0.13817,0.16137,0.491,0.50574,0.0265,0.03952
484,0.0575,0.06909,0.14117,0.1619,0.49567,0.51218,0.02608,0.03897
485,0.05517,0.06592,0.15217,0.1798,0.50283,0.52141,0.0355,0.05132
486,0.056,0.06727,0.14417,0.16552,0.50133,0.51751,0.02908,0.04095
487,0.05175,0.06461,0.1335,0.15727,0.48483,0.50343,0.02617,0.03962
488,0.05458,0.06582,0.13967,0.16256,0.50433,0.52033,0.02825,0.04079
489,0.05917,0.06957,0.14267,0.16456,0.5095,0.52669,0.03267,0.04501
490,0.05671,0.06878,0.13433,0.15818,0.48517,0.50245,0.02692,0.04196
491,0.05654,0.06817,0.13267,0.15409,0.4925,0.50731,0.02783,0.0408
492,0.05588,0.06926,0.1235,0.14427,0.47467,0.49085,0.02333,0.0352
493,0.05304,0.0664,0.13083,0.15829,0.473,0.49259,0.02858,0.04352
494,0.06196,0.0722,0.14667,0.16847,0.508,0.52344,0.03092,0.04405
495,0.06288,0.07154,0.15667,0.17896,0.5175,0.53072,0.03508,0.05112
496,0.05675,0.0665,0.14317,0.16776,0.50933,0.52473,0.02875,0.04172
497,0.06096,0.0709,0.13983,0.16321,0.49833,0.51538,0.03117,0.04506
498,0.06271,0.07205,0.15233,0.17179,0.52083,0.53328,0.03008,0.04261
499,0.05804,0.06931,0.15283,0.17915,0.50533,0.52292,0.03575,0.05193
500,0.04967,0.06357,0.12467,0.15078,0.47117,0.48962,0.02592,0.0391
501,0.05417,0.0672,0.12617,0.14555,0.482,0.50025,0.02508,0.03628
502,0.04979,0.06387,0.12033,0.14665,0.46883,0.4853,0.0265,0.03976
503,0.05538,0.06636,0.1405,0.16682,0.49383,0.51041,0.02725,0.04373
504,0.05642,0.06808,0.13067,0.15115,0.47333,0.48966,0.02283,0.03315
505,0.06883,0.07703,0.14017,0.1549,0.4985,0.5136,0.027,0.03533
506,0.06463,0.07432,0.14717,0.16747,0.5075,0.522,0.03367,0.04301
507,0.05104,0.06363,0.14317,0.17187,0.4885,0.50822,0.03267,0.05
508,0.05696,0.06756,0.1445,0.16596,0.50717,0.52367,0.027,0.04095
509,0.06221,0.07234,0.15483,0.17798,0.5185,0.53404,0.03583,0.0476
510,0.04504,0.05885,0.1365,0.16645,0.48,0.49942,0.03242,0.04857
511,0.05933,0.07022,0.144,0.16673,0.4975,0.5141,0.03083,0.04422
512,0.057,0.06833,0.1575,0.18432,0.50817,0.52418,0.03792,0.05454
513,0.05333,0.06545,0.13167,0.15769,0.48333,0.50456,0.03,0.04018
514,0.06112,0.07193,0.158,0.1843,0.50267,0.51943,0.03933,0.05238
515,0.05633,0.06798,0.13583,0.15759,0.49067,0.50854,0.02392,0.03904
516,0.06725,0.07504,0.15233,0.1716,0.52033,0.53294,0.03383,0.04387
517,0.05913,0.06919,0.15333,0.17982,0.50833,0.52525,0.03783,0.05099
518,0.05346,0.06463,0.15083,0.17949,0.50867,0.5266,0.03558,0.05415
519,0.05608,0.06873,0.124,0.14306,0.47817,0.49359,0.01875,0.02892
520,0.06438,0.07398,0.1485,0.16782,0.5095,0.5239,0.03067,0.04338
521,0.059,0.06918,0.15117,0.17562,0.49717,0.51379,0.03158,0.04533
522,0.06146,0.07079,0.14383,0.16242,0.506,0.51991,0.02733,0.03731
523,0.06029,0.07116,0.14817,0.16941,0.51367,0.5281,0.0305,0.04154
524,0.053,0.06484,0.13617,0.15959,0.4945,0.51145,0.02883,0.04458
525,0.058,0.06918,0.13917,0.16049,0.49217,0.51085,0.02767,0.03984
526,0.06642,0.07581,0.1545,0.17281,0.51683,0.5301,0.02925,0.04085
527,0.05629,0.06751,0.14333,0.16725,0.493,0.51246,0.03008,0.04361
528,0.05225,0.06343,0.13267,0.15697,0.48683,0.50643,0.02475,0.03861
529,0.05442,0.06651,0.15283,0.18126,0.51033,0.52505,0.03625,0.05436
530,0.04908,0.06306,0.12867,0.15711,0.47433,0.49298,0.02758,0.04358
531,0.05446,0.06413,0.1515,0.17638,0.51283,0.5309,0.03325,0.04806
532,0.06538,0.07389,0.15333,0.17364,0.51817,0.53342,0.03242,0.04219
533,0.05775,0.06843,0.156,0.18252,0.51267,0.52658,0.03483,0.05189
534,0.04904,0.06283,0.1155,0.13979,0.46567,0.4829,0.02208,0.03476
535,0.05113,0.06501,0.13583,0.15869,0.48683,0.50507,0.02583,0.03808
536,0.06075,0.07102,0.14017,0.16157,0.502,0.51713,0.03192,0.04421
537,0.05913,0.06933,0.147,0.17074,0.509,0.52403,0.033,0.04454
538,0.05388,0.0671,0.126,0.14904,0.46617,0.48354,0.02542,0.03502
539,0.05433,0.06616,0.14767,0.17345,0.5,0.52062,0.032,0.04962
540,0.05446,0.06607,0.1505,0.17617,0.50783,0.52368,0.03433,0.04757
541,0.06112,0.06996,0.138,0.15494,0.51333,0.52856,0.01942,0.03021
542,0.05642,0.06845,0.14717,0.17257,0.49983,0.51481,0.0315,0.04853
543,0.05421,0.0664,0.13633,0.15763,0.486,0.50451,0.02608,0.03788
544,0.05233,0.0644,0.12567,0.14941,0.47233,0.49012,0.02525,0.03915
545,0.06279,0.07218,0.158,0.17756,0.52483,0.54115,0.0345,0.04729
546,0.06467,0.0734,0.14783,0.16646,0.516,0.53008,0.02858,0.04149
547,0.06179,0.0708,0.16683,0.18782,0.5315,0.5454,0.0365,0.05135
548,0.05496,0.06642,0.14167,0.16494,0.50317,0.51905,0.02633,0.04025
549,0.05271,0.06512,0.13367,0.1609,0.48183,0.50319,0.02808,0.04089
550,0.05646,0.06784,0.134,0.15796,0.4945,0.50975,0.0245,0.03945
551,0.05583,0.06768,0.15233,0.17825,0.5055,0.5236,0.03517,0.05211
552,0.05888,0.06919,0.13833,0.16225,0.49483,0.51042,0.02775,0.04254
553,0.05871,0.06981,0.1505,0.17398,0.50867,0.52439,0.03575,0.0501
554,0.06179,0.07227,0.1405,0.16088,0.50767,0.52182,0.02767,0.03833
555,0.06108,0.07053,0.15283,0.17586,0.52017,0.53357,0.03325,0.04628
556,0.0505,0.06237,0.14067,0.1703,0.4815,0.50147,0.03,0.04695
557,0.059,0.07127,0.12817,0.14761,0.47167,0.49034,0.02483,0.03662
558,0.05583,0.06728,0.1345,0.15518,0.4995,0.51392,0.02375,0.03785
559,0.05608,0.06791,0.1305,0.15243,0.4815,0.49877,0.02442,0.03715
560,0.06475,0.07409,0.146,0.1645,0.502,0.51686,0.02775,0.04031
561,0.05129,0.06456,0.1235,0.14918,0.46967,0.48684,0.023,0.03567
562,0.06071,0.07051,0.14517,0.16547,0.51033,0.52434,0.02592,0.03944
563,0.05688,0.06673,0.15233,0.17994,0.50583,0.52436,0.03442,0.04985
564,0.05667,0.0682,0.14817,0.17037,0.50383,0.5219,0.02925,0.04257
565,0.05613,0.06775,0.13783,0.16098,0.49667,0.51425,0.03092,0.04517
566,0.05167,0.06514,0.12567,0.14919,0.47483,0.49244,0.02458,0.03747
567,0.06113,0.07108,0.15183,0.17403,0.51517,0.53103,0.03183,0.04628
568,0.05471,0.06697,0.1425,0.16685,0.486,0.50215,0.02892,0.04283
569,0.05567,0.06747,0.14167,0.16766,0.49083,0.50778,0.02992,0.04351
570,0.05363,0.06491,0.14283,0.16876,0.50033,0.51904,0.02908,0.04376
571,0.05521,0.06717,0.13483,0.15745,0.48883,0.50539,0.02817,0.04125
572,0.05658,0.06823,0.1405,0.16396,0.50117,0.51739,0.03117,0.04271
573,0.05688,0.06879,0.132,0.15428,0.48167,0.50112,0.027,0.03754
574,0.05592,0.06503,0.15183,0.17558,0.51517,0.53097,0.03267,0.04687
575,0.06146,0.07025,0.15233,0.17454,0.522,0.53538,0.03267,0.04596
576,0.06558,0.0748,0.14867,0.16743,0.52,0.53327,0.02792,0.03835
577,0.0555,0.06749,0.1575,0.18372,0.4995,0.51761,0.03492,0.05072
578,0.05333,0.06634,0.1395,0.16356,0.4965,0.51631,0.02767,0.03963
579,0.06454,0.07344,0.152,0.17027,0.52867,0.54244,0.02858,0.04121
580,0.04946,0.06281,0.1255,0.14901,0.47883,0.49679,0.02342,0.03736
581,0.06171,0.07161,0.1545,0.1738,0.515,0.53,0.03092,0.04304
582,0.06179,0.07319,0.13367,0.15418,0.4965,0.50941,0.028,0.04017
583,0.05467,0.06699,0.14717,0.17145,0.49483,0.51132,0.02733,0.04303
584,0.05933,0.06941,0.15017,0.17422,0.51583,0.53161,0.03142,0.04583
585,0.05663,0.06753,0.1475,0.17319,0.50783,0.52418,0.0315,0.04713
586,0.058,0.06964,0.135,0.15931,0.4885,0.50379,0.0255,0.03909
587,0.06196,0.07231,0.15133,0.17276,0.51467,0.52949,0.03208,0.04514
588,0.05758,0.06899,0.14967,0.17149,0.50433,0.51999,0.02992,0.04325
589,0.06217,0.07304,0.1535,0.17657,0.5045,0.51912,0.03417,0.04735
590,0.0605,0.07083,0.14667,0.16529,0.50967,0.52603,0.02633,0.03778
591,0.05796,0.06955,0.13267,0.15401,0.48667,0.50516,0.02583,0.03609
592,0.06425,0.07381,0.1535,0.17523,0.5075,0.52212,0.03183,0.04677
593,0.06258,0.07142,0.1535,0.1746,0.51883,0.53304,0.03183,0.04511
594,0.05667,0.06739,0.13767,0.16058,0.50167,0.51763,0.02542,0.03788
595,0.06425,0.07254,0.15233,0.17198,0.5125,0.52895,0.02975,0.044
596,0.0595,0.06945,0.14883,0.17233,0.51267,0.52859,0.03225,0.04609
597,0.05875,0.06985,0.13133,0.14884,0.50733,0.51928,0.02017,0.02885
598,0.06042,0.07107,0.1475,0.16717,0.503,0.51799,0.0295,0.04439
599,0.05179,0.06465,0.149,0.17584,0.5015,0.52067,0.03092,0.04768
600,0.05179,0.06479,0.13267,0.15734,0.484,0.5011,0.02483,0.03788
601,0.05988,0.07105,0.13583,0.15485,0.48833,0.50548,0.02667,0.03641
602,0.05858,0.06931,0.144,0.1677,0.50583,0.52151,0.02733,0.0433
603,0.04646,0.0602,0.12483,0.15171,0.46,0.48374,0.02467,0.04001
604,0.06321,0.07242,0.15267,0.17322,0.52267,0.53537,0.03142,0.04665
605,0.05963,0.06955,0.1495,0.17204,0.5165,0.53343,0.0325,0.04603
606,0.04712,0.06149,0.121,0.14444,0.46667,0.48605,0.02117,0.03402
607,0.06138,0.07242,0.14417,0.16584,0.50767,0.52195,0.03283,0.04682
608,0.05746,0.06894,0.13917,0.16438,0.491,0.50784,0.03167,0.04515
609,0.05537,0.06489,0.14383,0.17062,0.507,0.52384,0.03125,0.04626
610,0.06258,0.07301,0.14867,0.16972,0.51667,0.53066,0.03125,0.04401
611,0.06213,0.07162,0.15117,0.17257,0.52183,0.53557,0.03225,0.04382
612,0.059,0.06939,0.156,0.17635,0.52567,0.53938,0.03225,0.04522
613,0.06267,0.07102,0.156,0.17112,0.52917,0.54104,0.02667,0.03821
614,0.06075,0.07189,0.14267,0.16589,0.50533,0.52088,0.03017,0.04433
615,0.05829,0.06913,0.15433,0.17858,0.51233,0.52839,0.03558,0.05105
616,0.05512,0.06734,0.13183,0.1522,0.48883,0.50469,0.02342,0.03711
617,0.05854,0.06937,0.15,0.17541,0.507,0.52315,0.034,0.04901
618,0.05754,0.06704,0.16367,0.18561,0.534,0.54759,0.03342,0.04873
619,0.05225,0.06362,0.13433,0.15967,0.4845,0.50492,0.02575,0.03842
620,0.06329,0.07162,0.17483,0.19419,0.54883,0.56039,0.03942,0.05452
621,0.06183,0.07204,0.14267,0.16464,0.5035,0.51986,0.031,0.04207
622,0.05542,0.06705,0.131,0.15422,0.49167,0.50832,0.03117,0.04052
623,0.05013,0.06272,0.14333,0.17148,0.4985,0.51451,0.03217,0.04963
624,0.06375,0.0725,0.14167,0.16025,0.50933,0.52404,0.02792,0.03869
625,0.05692,0.06812,0.1385,0.16253,0.4985,0.51686,0.02983,0.04499
626,0.06438,0.07309,0.16117,0.18084,0.53117,0.54491,0.03483,0.04687
627,0.05646,0.06869,0.13883,0.16258,0.494,0.51085,0.02817,0.04089
628,0.05446,0.06572,0.1375,0.16313,0.48717,0.50453,0.03175,0.04677
629,0.05688,0.06796,0.14783,0.17003,0.50533,0.52169,0.03058,0.04196
630,0.06163,0.07133,0.142,0.16195,0.5075,0.5244,0.02908,0.04274
631,0.05258,0.06562,0.13717,0.16165,0.486,0.50601,0.03067,0.04435
632,0.05475,0.06561,0.14967,0.17548,0.49783,0.51613,0.0335,0.04603
633,0.05954,0.06863,0.16017,0.18355,0.53633,0.54961,0.03483,0.04977
634,0.06025,0.07147,0.13033,0.14829,0.49767,0.51185,0.02242,0.03388
635,0.06304,0.07187,0.1455,0.166,0.51617,0.53029,0.02925,0.04272
636,0.04692,0.05855,0.131,0.15805,0.49267,0.51191,0.02575,0.0416
637,0.06421,0.07224,0.153,0.17072,0.53167,0.54357,0.02817,0.03875
638,0.05567,0.06672,0.14583,0.17346,0.49983,0.51579,0.03058,0.04584
639,0.0505,0.06338,0.12167,0.15029,0.4725,0.4918,0.0275,0.04159
640,0.05217,0.06531,0.12383,0.14716,0.47567,0.49164,0.02425,0.03483
641,0.06071,0.07212,0.13967,0.15948,0.49533,0.51202,0.02708,0.03898
642,0.05896,0.06911,0.14167,0.16567,0.49917,0.51508,0.031,0.04392
643,0.06304,0.07278,0.15317,0.17109,0.5235,0.53905,0.029,0.04203
644,0.05467,0.06515,0.153,0.17828,0.5095,0.52692,0.03283,0.04914
645,0.05667,0.06682,0.154,0.17819,0.50567,0.52426,0.03083,0.04646
646,0.05213,0.06425,0.135,0.16024,0.49117,0.51134,0.02792,0.04277
647,0.05517,0.06682,0.14383,0.16958,0.49267,0.50941,0.03258,0.04757
648,0.05779,0.06963,0.14683,0.17068,0.50667,0.52116,0.03125,0.04701
649,0.05421,0.06573,0.14833,0.17345,0.5105,0.52648,0.03283,0.0497
650,0.05554,0.06725,0.132,0.15178,0.49333,0.50798,0.024,0.03526
651,0.0495,0.06255,0.1335,0.15904,0.49267,0.51037,0.02633,0.04063
652,0.06446,0.07423,0.15117,0.17189,0.51917,0.53233,0.0325,0.04221
653,0.06258,0.07279,0.15817,0.18145,0.51233,0.52874,0.037,0.04929
654,0.05912,0.0704,0.13283,0.15256,0.49283,0.50664,0.02475,0.03571
655,0.05779,0.06731,0.154,0.17736,0.5195,0.53375,0.03567,0.04817
656,0.05738,0.0677,0.1445,0.16685,0.50617,0.52467,0.02825,0.04247
657,0.05371,0.0647,0.13633,0.1604,0.49717,0.5132,0.026,0.04012
658,0.06292,0.07305,0.15667,0.17625,0.52167,0.53752,0.03092,0.04453
659,0.06333,0.07367,0.1435,0.165,0.501,0.51534,0.0285,0.03924
660,0.06117,0.07088,0.1625,0.18347,0.53183,0.54423,0.03625,0.05044
661,0.05342,0.06545,0.1455,0.1726,0.499,0.51616,0.03183,0.04902
662,0.05096,0.06459,0.12567,0.15018,0.477,0.49554,0.0245,0.03856
663,0.06442,0.07431,0.15233,0.17115,0.51483,0.52943,0.02983,0.04152
664,0.05167,0.06431,0.13517,0.15753,0.48433,0.50152,0.02583,0.03832
665,0.059,0.07008,0.1455,0.16747,0.4945,0.51015,0.029,0.0444
666,0.04808,0.06152,0.12633,0.15355,0.48267,0.50006,0.02867,0.04354
667,0.05713,0.06894,0.13667,0.15442,0.49817,0.51344,0.02325,0.03355
668,0.05908,0.06975,0.14433,0.16707,0.50583,0.52397,0.03042,0.04287
669,0.05583,0.0672,0.12433,0.14584,0.47967,0.49834,0.02492,0.03406
670,0.05883,0.06938,0.15067,0.17315,0.51117,0.52936,0.03267,0.04568
671,0.05575,0.06772,0.12917,0.15192,0.47967,0.49748,0.02508,0.03592
672,0.05333,0.06645,0.131,0.15666,0.47167,0.48971,0.028,0.04191
673,0.05504,0.06896,0.1275,0.14722,0.4765,0.4902,0.02608,0.03927
674,0.05354,0.06601,0.13283,0.15901,0.4755,0.49412,0.02542,0.03928
675,0.05175,0.0635,0.136,0.16052,0.48767,0.5054,0.02658,0.04021
676,0.05883,0.06727,0.169,0.19149,0.54683,0.5608,0.03767,0.05115
677,0.05417,0.06557,0.13667,0.16209,0.491,0.50686,0.02717,0.04145
678,0.05858,0.06988,0.13717,0.15955,0.49683,0.51207,0.02883,0.04359
679,0.05313,0.06501,0.14467,0.17024,0.492,0.51501,0.03192,0.04526
680,0.05871,0.07021,0.1475,0.17143,0.4995,0.51545,0.02942,0.0448
681,0.06054,0.07123,0.14867,0.1699,0.50617,0.52152,0.03,0.0403
682,0.05167,0.06311,0.15033,0.17977,0.498,0.51661,0.03392,0.0527
683,0.04788,0.06152,0.117,0.13687,0.47467,0.49178,0.02,0.03074
684,0.05296,0.06461,0.14617,0.17544,0.49367,0.51408,0.03342,0.0482
685,0.05621,0.0663,0.14867,0.17332,0.4975,0.51855,0.02967,0.04341
686,0.05592,0.06641,0.14,0.16187,0.507,0.52089,0.02658,0.04142
687,0.05425,0.06677,0.13183,0.15448,0.4885,0.50502,0.02658,0.03918
688,0.05954,0.06993,0.14033,0.1634,0.50583,0.52214,0.02933,0.03941
689,0.0515,0.0655,0.1345,0.1598,0.4865,0.5028,0.02525,0.04016
690,0.05446,0.06665,0.13533,0.15803,0.49133,0.50673,0.02633,0.03768
691,0.05946,0.06982,0.13583,0.1585,0.50367,0.51875,0.02675,0.03983
692,0.05663,0.06818,0.14183,0.16401,0.49767,0.51438,0.02642,0.04121
693,0.05408,0.06627,0.14,0.16716,0.48783,0.50712,0.03142,0.046
694,0.05042,0.06424,0.13367,0.1576,0.47867,0.49758,0.02892,0.04287
695,0.05504,0.06446,0.1375,0.15998,0.5025,0.52119,0.02808,0.04173
696,0.05888,0.07017,0.1345,0.15535,0.49067,0.50778,0.02667,0.0356
697,0.059,0.07052,0.1395,0.16217,0.49217,0.50579,0.02833,0.04405
698,0.06192,0.07252,0.133,0.15324,0.49,0.50554,0.024,0.0368
699,0.05742,0.0685,0.149,0.17342,0.5105,0.52516,0.03175,0.04756
700,0.0495,0.06144,0.13633,0.1635,0.48867,0.50785,0.027,0.04443
701,0.05042,0.06226,0.13583,0.1604,0.49317,0.51203,0.02767,0.04062
702,0.05683,0.06729,0.145,0.17072,0.51033,0.52741,0.031,0.04788
703,0.05042,0.06343,0.1225,0.1465,0.47333,0.49261,0.02183,0.0345
704,0.05325,0.06639,0.13283,0.15878,0.484,0.50289,0.02975,0.04565
705,0.0545,0.06614,0.13217,0.1532,0.49617,0.51029,0.02517,0.03708
706,0.05763,0.06732,0.15683,0.1836,0.50983,0.52602,0.03617,0.05191
707,0.058,0.06939,0.13567,0.15796,0.49817,0.51569,0.02833,0.04159
708,0.0625,0.07166,0.15083,0.17032,0.5175,0.5331,0.031,0.04395
709,0.05646,0.06697,0.14633,0.17098,0.50233,0.52062,0.03242,0.04728
710,0.06408,0.07208,0.14767,0.17049,0.50917,0.52537,0.03025,0.04225
711,0.0535,0.06466,0.13883,0.166,0.501,0.51752,0.03075,0.04601
712,0.05521,0.06579,0.14017,0.16507,0.49867,0.51643,0.02942,0.04479
713,0.05554,0.06777,0.14417,0.16957,0.49067,0.50737,0.03067,0.04544
714,0.05433,0.06592,0.12917,0.15205,0.49017,0.5055,0.02408,0.03816
715,0.05704,0.06799,0.15983,0.18685,0.51333,0.53012,0.038,0.05586
716,0.04954,0.06099,0.148,0.17917,0.50717,0.52623,0.03158,0.0501
717,0.05983,0.07075,0.13967,0.16477,0.4885,0.50645,0.0305,0.04619
718,0.05338,0.06532,0.13633,0.16348,0.48367,0.50379,0.02908,0.04245
719,0.05554,0.06602,0.15217,0.17734,0.50967,0.52674,0.035,0.04919
720,0.06325,0.07288,0.1525,0.17456,0.512,0.52511,0.03025,0.04712
721,0.06217,0.07156,0.147,0.16833,0.51133,0.52487,0.03117,0.04422
722,0.06271,0.07164,0.15,0.17481,0.51717,0.53155,0.03392,0.04875
723,0.05933,0.06907,0.14767,0.17169,0.5095,0.52499,0.0315,0.04466
724,0.06283,0.07302,0.138,0.15702,0.499,0.51469,0.02733,0.03992
725,0.05404,0.06636,0.13433,0.15777,0.4805,0.50004,0.02708,0.03949
726,0.05725,0.06864,0.13767,0.16073,0.4915,0.50797,0.02683,0.03894
727,0.05529,0.06694,0.12733,0.149,0.4835,0.50054,0.02417,0.03672
728,0.06483,0.07334,0.16867,0.19106,0.52883,0.54302,0.03842,0.05288
729,0.05283,0.0657,0.13383,0.15833,0.4835,0.50172,0.02833,0.0402
730,0.04546,0.06005,0.11733,0.14505,0.45833,0.47643,0.0235,0.03708
731,0.06662,0.07528,0.15533,0.17259,0.51717,0.5324,0.03192,0.04245
732,0.06029,0.07046,0.14067,0.16057,0.49983,0.5163,0.02775,0.0413
733,0.06338,0.07273,0.1575,0.17493,0.51933,0.53292,0.03267,0.04385
734,0.06013,0.06969,0.14983,0.17035,0.5215,0.53341,0.029,0.04185
735,0.06092,0.0715,0.1425,0.16338,0.49733,0.51321,0.02933,0.0404
736,0.05063,0.06334,0.127,0.15259,0.4825,0.50183,0.02292,0.0378
737,0.05133,0.06302,0.14367,0.17359,0.493,0.51326,0.037,0.05334
738,0.05971,0.06955,0.152,0.17131,0.51367,0.52985,0.03333,0.04647
739,0.05488,0.06574,0.15817,0.18653,0.51,0.52815,0.03792,0.0529
740,0.06183,0.07201,0.16817,0.18763,0.536,0.55009,0.03633,0.04864
741,0.06467,0.07392,0.14717,0.16911,0.50583,0.5226,0.034,0.04426
742,0.0595,0.06983,0.147,0.16864,0.51167,0.52543,0.03042,0.04444
743,0.04963,0.06287,0.13617,0.16414,0.48583,0.50216,0.02883,0.04509
744,0.05429,0.0661,0.13283,0.15792,0.48483,0.50439,0.02867,0.0429
745,0.05479,0.06741,0.1365,0.1596,0.49333,0.50912,0.02767,0.03891
746,0.05633,0.06723,0.13283,0.15257,0.504,0.5192,0.02725,0.0366
747,0.05721,0.06821,0.13883,0.16268,0.48767,0.50599,0.02867,0.04369
748,0.05396,0.06528,0.143,0.16605,0.486,0.50658,0.03183,0.04287
749,0.04896,0.06035,0.15217,0.18293,0.49717,0.51799,0.036,0.05228
750,0.05121,0.06429,0.11767,0.14023,0.47067,0.48799,0.02217,0.03414
751,0.04842,0.06212,0.13133,0.15929,0.47267,0.49099,0.02575,0.041
752,0.05567,0.06715,0.14183,0.16716,0.499,0.51635,0.0285,0.04279
753,0.06012,0.07048,0.1445,0.16967,0.5085,0.52229,0.0295,0.04444
754,0.06683,0.07555,0.15467,0.17149,0.5145,0.5279,0.02667,0.03904
755,0.05992,0.07001,0.15417,0.17815,0.51367,0.53112,0.03208,0.04769
756,0.05421,0.06758,0.12083,0.13874,0.47567,0.48968,0.0185,0.02893
757,0.06225,0.07294,0.1455,0.16658,0.504,0.51732,0.02975,0.04372
758,0.06463,0.07413,0.158,0.17771,0.52383,0.53696,0.031,0.04744
759,0.05338,0.06519,0.13267,0.15763,0.48633,0.50298,0.02642,0.0411
760,0.05658,0.0681,0.14517,0.16902,0.50417,0.52236,0.031,0.04501
761,0.06008,0.07087,0.13733,0.15829,0.48317,0.5027,0.02717,0.03751
762,0.05042,0.0639,0.12733,0.15116,0.48733,0.50491,0.02375,0.03531
763,0.05642,0.06834,0.14567,0.16933,0.49767,0.51558,0.03108,0.04384
764,0.06983,0.07606,0.1615,0.17819,0.54433,0.55656,0.03167,0.04587
765,0.06017,0.06988,0.13517,0.15484,0.50067,0.51487,0.02583,0.03718
766,0.06413,0.07292,0.148,0.16978,0.50467,0.51974,0.03067,0.0448
767,0.05442,0.06483,0.14983,0.17612,0.50633,0.52528,0.032,0.04775
768,0.05625,0.06724,0.151,0.17582,0.51533,0.53272,0.03175,0.04608
769,0.06217,0.072,0.14517,0.16743,0.5075,0.52174,0.02758,0.04398
770,0.05317,0.06514,0.131,0.15293,0.49483,0.50972,0.02192,0.03363
771,0.06017,0.07,0.151,0.17453,0.526,0.53926,0.03383,0.04788
772,0.05979,0.07034,0.13317,0.15737,0.48967,0.50545,0.02633,0.03882
773,0.067,0.07616,0.1465,0.16643,0.51267,0.52657,0.02775,0.03815
774,0.05883,0.06944,0.14517,0.16774,0.50217,0.51873,0.0315,0.04365
775,0.04958,0.06259,0.13333,0.16495,0.46617,0.4881,0.032,0.04782
776,0.05438,0.06735,0.12783,0.14938,0.4825,0.49925,0.02342,0.03378
777,0.0655,0.07425,0.16617,0.18436,0.53767,0.54934,0.03692,0.05126
778,0.06154,0.07205,0.151,0.17144,0.50833,0.52402,0.03217,0.04424
779,0.05704,0.068,0.14167,0.1634,0.50117,0.51854,0.02725,0.03845
780,0.06242,0.07258,0.13667,0.15311,0.50667,0.51962,0.02375,0.03335
781,0.05767,0.06903,0.1315,0.15419,0.49233,0.5068,0.02583,0.03665
782,0.05625,0.0688,0.133,0.15659,0.47983,0.49724,0.02933,0.04212
783,0.05504,0.06757,0.148,0.17608,0.495,0.5128,0.03333,0.04818
784,0.06154,0.07088,0.14633,0.16729,0.51117,0.52537,0.028,0.03874
785,0.05775,0.06745,0.13967,0.16562,0.4965,0.51528,0.02933,0.04284
786,0.05558,0.06655,0.15317,0.17685,0.50617,0.52149,0.03292,0.04744
787,0.06804,0.07618,0.165,0.18556,0.53233,0.54485,0.03567,0.04975
788,0.05117,0.06408,0.13567,0.16319,0.48217,0.50075,0.03183,0.04619
789,0.05788,0.06802,0.14083,0.16293,0.50283,0.51832,0.02533,0.03924
790,0.06092,0.07171,0.13933,0.16108,0.50083,0.51443,0.02675,0.04038
791,0.05567,0.06705,0.149,0.17528,0.50017,0.51578,0.0335,0.04715
792,0.054,0.06558,0.1435,0.16933,0.49183,0.51176,0.034,0.04728
793,0.06804,0.07697,0.15383,0.17135,0.51917,0.53228,0.03308,0.04438
794,0.06583,0.07455,0.15983,0.18188,0.51717,0.53168,0.03375,0.04644
795,0.06383,0.07329,0.1545,0.17535,0.5155,0.52929,0.03633,0.04993
796,0.05413,0.06621,0.12817,0.14972,0.4775,0.4947,0.02067,0.03343
797,0.06092,0.07072,0.14817,0.17046,0.51417,0.53062,0.02983,0.04278
798,0.05696,0.06875,0.136,0.15696,0.49533,0.50975,0.02558,0.03927
799,0.06671,0.0762,0.1405,0.15595,0.5045,0.51617,0.02508,0.03283
800,0.06237,0.07277,0.13667,0.15443,0.50117,0.51564,0.0245,0.03577
801,0.06,0.07091,0.143,0.16261,0.51867,0.53222,0.028,0.03917
802,0.06608,0.07446,0.16817,0.18675,0.539,0.55157,0.03508,0.04893
803,0.05938,0.06987,0.14467,0.16482,0.50983,0.52295,0.02975,0.04283
804,0.04758,0.06052,0.137,0.16739,0.48117,0.50372,0.03067,0.04566
805,0.05742,0.0672,0.1545,0.18014,0.50983,0.52601,0.03742,0.05127
806,0.06167,0.07169,0.145,0.16612,0.50867,0.52452,0.02925,0.04043
807,0.05571,0.06712,0.13083,0.15266,0.49167,0.50831,0.02583,0.0365
808,0.05962,0.06989,0.15367,0.17648,0.51583,0.52914,0.03325,0.04687
809,0.0675,0.07636,0.13783,0.15134,0.5105,0.52205,0.02258,0.03245
810,0.06346,0.07256,0.15033,0.16988,0.51067,0.5275,0.0295,0.04114
811,0.05738,0.06814,0.15383,0.18138,0.50933,0.52543,0.03533,0.05299
812,0.053,0.06662,0.1395,0.16601,0.47567,0.49594,0.031,0.04748
813,0.0615,0.07176,0.14017,0.1612,0.50333,0.52076,0.02875,0.03922
814,0.05938,0.06899,0.16283,0.18628,0.52433,0.53901,0.0355,0.0513
815,0.05125,0.06415,0.134,0.15712,0.48133,0.50141,0.02608,0.04078
816,0.05233,0.06539,0.13583,0.15933,0.48983,0.50602,0.02758,0.04155
817,0.06142,0.07205,0.14133,0.16266,0.51083,0.52314,0.02817,0.04148
818,0.05737,0.06736,0.14233,0.1657,0.50467,0.52306,0.02817,0.04273
819,0.05467,0.06459,0.14917,0.17178,0.52317,0.53678,0.02883,0.04351
820,0.0605,0.07003,0.15033,0.17139,0.512,0.52924,0.02908,0.04324
821,0.06267,0.07121,0.16583,0.18512,0.536,0.55043,0.03492,0.04996
822,0.05563,0.06738,0.131,0.15349,0.48683,0.50613,0.02633,0.03989
823,0.05025,0.06178,0.13383,0.16259,0.47817,0.49832,0.02942,0.04585
824,0.05038,0.06265,0.13783,0.16595,0.49133,0.50819,0.0315,0.04849
825,0.05683,0.0666,0.14583,0.168,0.51817,0.53321,0.02783,0.0393
826,0.0625,0.07151,0.1575,0.1812,0.52383,0.53698,0.03842,0.04995
827,0.06525,0.07545,0.14533,0.16509,0.50317,0.52,0.03233,0.04373
828,0.05629,0.06861,0.146,0.16999,0.50267,0.51982,0.03292,0.0468
829,0.06313,0.07281,0.147,0.16842,0.5085,0.52303,0.03075,0.04496
830,0.05329,0.06658,0.13067,0.15724,0.4785,0.49582,0.03008,0.044
831,0.06421,0.07199,0.1735,0.19336,0.55017,0.56345,0.03833,0.05454
832,0.05408,0.06619,0.13933,0.16274,0.49667,0.51278,0.02617,0.04003
833,0.05608,0.06817,0.12867,0.14751,0.47833,0.4965,0.02,0.03063
834,0.05483,0.06536,0.151,0.17694,0.508,0.52383,0.03375,0.04896
835,0.05792,0.0683,0.13717,0.16012,0.50133,0.5172,0.02858,0.0385
836,0.06633,0.07527,0.1475,0.16459,0.519,0.53258,0.02817,0.03938
837,0.05929,0.06908,0.1405,0.15855,0.50917,0.52413,0.02508,0.03582
838,0.05054,0.06412,0.12767,0.15491,0.47617,0.49525,0.02717,0.04248
839,0.059,0.06901,0.15217,0.17474,0.51217,0.52739,0.02983,0.04451
840,0.05783,0.06868,0.14717,0.17045,0.49817,0.51656,0.03042,0.04222
841,0.05888,0.06883,0.165,0.18941,0.52017,0.53665,0.03508,0.05311
842,0.05929,0.06966,0.14517,0.16866,0.5055,0.52015,0.02908,0.0447
843,0.05167,0.0631,0.14067,0.16752,0.49767,0.51159,0.03008,0.0443
844,0.05671,0.06797,0.14467,0.16832,0.50167,0.51827,0.03075,0.0442
845,0.049,0.06227,0.12267,0.1493,0.458,0.47827,0.02525,0.03904
846,0.05988,0.07123,0.14567,0.17021,0.51017,0.52352,0.03117,0.04705
847,0.05921,0.07074,0.1415,0.15972,0.49767,0.51057,0.02192,0.03167
848,0.05804,0.06866,0.1465,0.1687,0.51383,0.52837,0.03225,0.04479
849,0.05458,0.06625,0.14467,0.16855,0.50183,0.52141,0.02975,0.043
850,0.06529,0.0747,0.16783,0.1883,0.53283,0.54596,0.03917,0.05171
851,0.05371,0.06536,0.13517,0.15818,0.49533,0.51202,0.02792,0.04076
852,0.06213,0.07051,0.16033,0.18053,0.52167,0.53851,0.03225,0.0444
853,0.06192,0.07073,0.16833,0.19357,0.52917,0.54435,0.03975,0.05555
854,0.04958,0.06282,0.11633,0.1399,0.46583,0.48404,0.02183,0.0326
855,0.07196,0.07819,0.15933,0.17209,0.53417,0.54544,0.02742,0.03734
856,0.05721,0.06907,0.14533,0.16998,0.49633,0.51322,0.03242,0.04484
857,0.06042,0.07214,0.1385,0.16164,0.48767,0.50305,0.02975,0.04424
858,0.05533,0.06609,0.14133,0.16393,0.505,0.52092,0.02783,0.04023
859,0.054,0.0652,0.14717,0.17274,0.50067,0.51877,0.03075,0.04536
860,0.04604,0.05953,0.12067,0.14939,0.471,0.48821,0.02467,0.03906
861,0.05846,0.06806,0.14433,0.16673,0.50967,0.52855,0.0295,0.04248
862,0.05292,0.06619,0.13383,0.15703,0.492,0.50909,0.02658,0.03872
863,0.06229,0.07186,0.15133,0.17399,0.50583,0.52148,0.03233,0.04509
864,0.0565,0.06736,0.15817,0.18631,0.5055,0.52233,0.03567,0.05364
865,0.06396,0.07231,0.1465,0.16694,0.5175,0.53318,0.03083,0.04148
866,0.05842,0.06968,0.1455,0.17042,0.51067,0.5257,0.0325,0.04659
867,0.05546,0.06694,0.14267,0.16424,0.50067,0.51858,0.02683,0.03731
868,0.05996,0.07057,0.14717,0.16748,0.51233,0.52766,0.02933,0.04212
869,0.05867,0.07122,0.127,0.14476,0.49017,0.5032,0.02425,0.03432
870,0.06483,0.0735,0.15833,0.17865,0.52183,0.53643,0.034,0.04518
871,0.055,0.06707,0.14067,0.16376,0.4995,0.51763,0.02892,0.04117
872,0.06317,0.07262,0.15967,0.1815,0.51767,0.53221,0.03625,0.04864
873,0.05767,0.06868,0.13833,0.16219,0.496,0.51291,0.02883,0.04176
874,0.05604,0.06758,0.12783,0.15322,0.481,0.49569,0.02475,0.03621
875,0.05875,0.06971,0.15,0.1713,0.52083,0.5343,0.03125,0.04241
876,0.05467,0.06563,0.13983,0.16379,0.50083,0.51886,0.02667,0.04147
877,0.05912,0.06857,0.15517,0.18227,0.50767,0.52627,0.03642,0.05091
878,0.05925,0.06944,0.143,0.16387,0.516,0.53051,0.02817,0.04294
879,0.06229,0.0723,0.14683,0.16518,0.51333,0.52719,0.02858,0.03975
880,0.04808,0.06176,0.11783,0.13821,0.46883,0.48648,0.02042,0.03094
881,0.05233,0.06456,0.1185,0.14347,0.46917,0.48649,0.02425,0.03561
882,0.054,0.06679,0.138,0.16286,0.48833,0.50425,0.028,0.0417
883,0.05742,0.06947,0.13317,0.15363,0.49233,0.50898,0.02292,0.03486
884,0.05517,0.0686,0.11417,0.13141,0.45533,0.47202,0.01892,0.02776
885,0.05238,0.0646,0.13267,0.15632,0.49033,0.50909,0.02583,0.03898
886,0.05383,0.06582,0.14383,0.16939,0.49967,0.51741,0.03067,0.04509
887,0.05504,0.06682,0.1365,0.16028,0.48367,0.50464,0.02708,0.03889
888,0.04838,0.06109,0.13383,0.1603,0.49133,0.51101,0.028,0.04142
889,0.05558,0.06748,0.13633,0.15764,0.50067,0.51667,0.02975,0.04283
890,0.04938,0.0606,0.14,0.16906,0.4885,0.50835,0.03242,0.04902
891,0.06433,0.07433,0.152,0.17322,0.52117,0.53497,0.03342,0.04616
892,0.05275,0.06534,0.12967,0.15209,0.491,0.5069,0.02683,0.03953
893,0.06196,0.07245,0.1455,0.16877,0.508,0.52209,0.02883,0.04481
894,0.06375,0.07261,0.15133,0.17104,0.516,0.53052,0.03183,0.04397
895,0.05229,0.06572,0.13283,0.1568,0.48033,0.49707,0.0265,0.04002
896,0.05908,0.06992,0.13567,0.15355,0.4945,0.5117,0.02458,0.03461
897,0.05479,0.06647,0.14167,0.16655,0.49233,0.51021,0.03058,0.04312
898,0.05642,0.06679,0.144,0.16991,0.50617,0.52324,0.03083,0.04681
899,0.07021,0.07862,0.14233,0.15722,0.50817,0.5208,0.02592,0.03526
900,0.05438,0.06671,0.13833,0.16378,0.49333,0.50944,0.02925,0.04427
901,0.05333,0.06594,0.1335,0.15383,0.48683,0.50356,0.02417,0.03692
902,0.05946,0.07047,0.14067,0.16325,0.4885,0.50388,0.02775,0.03992
903,0.05338,0.06669,0.126,0.1483,0.48467,0.5018,0.02458,0.03505
904,0.05242,0.06458,0.146,0.17371,0.48983,0.50812,0.03292,0.04923
905,0.056,0.06674,0.149,0.17257,0.51133,0.52714,0.03167,0.04566
906,0.06354,0.07335,0.14783,0.16854,0.5115,0.52388,0.0335,0.04576
907,0.05642,0.06847,0.14517,0.17281,0.49283,0.51099,0.03175,0.04708
908,0.06638,0.07342,0.15667,0.17287,0.53867,0.54996,0.02958,0.04062
909,0.05775,0.0686,0.1385,0.15947,0.49483,0.51307,0.02742,0.03905
910,0.06513,0.07294,0.161,0.17782,0.53467,0.54754,0.03242,0.04487
911,0.05408,0.06623,0.12917,0.15183,0.4835,0.5015,0.02367,0.03677
912,0.05192,0.0636,0.1405,0.16982,0.491,0.50924,0.02942,0.04743
913,0.05533,0.06747,0.127,0.14813,0.49217,0.50668,0.02442,0.03668
914,0.05746,0.0684,0.1405,0.16134,0.50417,0.51804,0.02908,0.04222
915,0.06333,0.07089,0.151,0.17229,0.52183,0.53701,0.03208,0.04592
916,0.06258,0.0711,0.16417,0.1845,0.53133,0.54637,0.03558,0.05041
917,0.05996,0.07157,0.1365,0.15657,0.48917,0.50229,0.02567,0.03708
918,0.05725,0.06795,0.15717,0.18262,0.51333,0.52804,0.03133,0.04883
919,0.06354,0.07242,0.152,0.17228,0.5195,0.53502,0.02858,0.0424
920,0.05388,0.06508,0.13667,0.16027,0.48767,0.50749,0.02808,0.04306
921,0.05888,0.06902,0.15533,0.17961,0.51567,0.53209,0.03558,0.05089
922,0.06092,0.07193,0.13317,0.15215,0.497,0.51118,0.02567,0.03743
923,0.05363,0.06659,0.123,0.14513,0.47117,0.48866,0.02367,0.03498
924,0.04813,0.06212,0.126,0.15588,0.4725,0.48916,0.02725,0.04401
925,0.05271,0.06554,0.1375,0.16264,0.48783,0.50485,0.02742,0.04237
926,0.05667,0.06826,0.1435,0.16832,0.494,0.51255,0.03383,0.0475
927,0.06492,0.07407,0.13933,0.16111,0.49283,0.50696,0.02725,0.04169
928,0.05329,0.06463,0.14517,0.16912,0.50517,0.52333,0.02875,0.04181
929,0.05408,0.0658,0.133,0.15595,0.49167,0.50683,0.02342,0.03812
930,0.06446,0.07237,0.1555,0.17095,0.5305,0.54391,0.02567,0.03807
931,0.061,0.07073,0.14833,0.17345,0.501,0.51605,0.03325,0.04995
932,0.05963,0.07131,0.153,0.17553,0.50867,0.52496,0.03483,0.0484
933,0.05554,0.06698,0.134,0.16011,0.49,0.50744,0.02767,0.04146
934,0.05454,0.06606,0.14083,0.16651,0.48667,0.50504,0.03125,0.04516
935,0.05675,0.06791,0.135,0.15678,0.4865,0.50414,0.02625,0.03847
936,0.0635,0.07273,0.14833,0.16919,0.522,0.53405,0.03308,0.04766
937,0.06438,0.07272,0.15633,0.1737,0.53033,0.54419,0.02933,0.04169
938,0.06067,0.07036,0.14533,0.16637,0.51583,0.52925,0.02925,0.04185
939,0.06225,0.07122,0.16,0.18042,0.52,0.5345,0.03808,0.05088
940,0.05417,0.06702,0.133,0.15864,0.47083,0.48816,0.02533,0.03977
941,0.06075,0.07075,0.14967,0.17046,0.50467,0.52018,0.03125,0.04371
942,0.05113,0.06418,0.142,0.16866,0.49233,0.51118,0.02867,0.04605
943,0.05538,0.06826,0.14,0.1612,0.49833,0.51415,0.02808,0.03958
944,0.05471,0.06567,0.15233,0.17744,0.51417,0.53051,0.03375,0.05092
945,0.05467,0.06722,0.13783,0.16202,0.478,0.49875,0.02725,0.04115
946,0.06438,0.07309,0.154,0.17347,0.5225,0.53452,0.02833,0.04138
947,0.05075,0.0643,0.127,0.15223,0.47717,0.49418,0.02525,0.03794
948,0.06038,0.07207,0.13217,0.15099,0.48917,0.5041,0.02675,0.03579
949,0.06296,0.07357,0.15133,0.17189,0.51717,0.53036,0.03125,0.04332
950,0.06196,0.07195,0.15133,0.16821,0.51917,0.5332,0.03367,0.04345
951,0.05525,0.06607,0.157,0.1824,0.50767,0.52652,0.03358,0.05168
952,0.05175,0.0652,0.1245,0.15036,0.46717,0.48521,0.02517,0.03808
953,0.05729,0.06748,0.1435,0.16846,0.49467,0.51468,0.02958,0.04532
954,0.06104,0.07017,0.14967,0.1697,0.5105,0.52764,0.02775,0.03951
955,0.06067,0.07056,0.15517,0.17575,0.51467,0.53082,0.03433,0.04674
956,0.05208,0.06571,0.12633,0.15153,0.46267,0.48122,0.02533,0.03723
957,0.06029,0.07039,0.14283,0.16144,0.506,0.51929,0.029,0.0393
958,0.05608,0.06658,0.158,0.1831,0.526,0.54258,0.03433,0.04997
959,0.06,0.06893,0.15167,0.17694,0.511,0.53018,0.03517,0.0523
960,0.06125,0.07124,0.14167,0.1596,0.51567,0.53009,0.02533,0.03766
961,0.05833,0.07066,0.13883,0.16144,0.492,0.50744,0.02633,0.03746
962,0.05417,0.06658,0.13983,0.16743,0.49733,0.51202,0.03283,0.0489
963,0.06283,0.07239,0.1525,0.17505,0.51067,0.52662,0.03058,0.04971
964,0.06112,0.07104,0.15733,0.18146,0.51683,0.53086,0.03667,0.052
965,0.06796,0.07598,0.15233,0.17041,0.5225,0.53489,0.033,0.04516
966,0.06204,0.07132,0.1485,0.16865,0.50467,0.51943,0.03092,0.04224
967,0.06063,0.07059,0.14417,0.16615,0.5005,0.51807,0.02992,0.04209
968,0.06217,0.07237,0.13967,0.16016,0.50633,0.52219,0.02925,0.04155
969,0.05333,0.0643,0.1455,0.17238,0.49883,0.51689,0.031,0.0442
970,0.05592,0.06739,0.14117,0.16514,0.48833,0.5066,0.03175,0.04511
971,0.05983,0.07048,0.12817,0.15028,0.48217,0.49833,0.02383,0.03152
972,0.05637,0.069,0.119,0.13759,0.466,0.4846,0.02158,0.03071
973,0.05921,0.06798,0.1575,0.18046,0.53133,0.54593,0.03208,0.04897
974,0.05275,0.06592,0.1395,0.16679,0.487,0.50453,0.03433,0.05049
975,0.05542,0.06685,0.14317,0.16797,0.5,0.51576,0.03025,0.04473
976,0.06063,0.07052,0.1445,0.16511,0.50633,0.52258,0.03142,0.04433
977,0.05838,0.06948,0.14433,0.16892,0.50233,0.51781,0.02925,0.0446
978,0.05413,0.06749,0.14017,0.16399,0.49017,0.50863,0.02592,0.03824
979,0.05571,0.06723,0.1385,0.16256,0.49183,0.50969,0.03067,0.04584
980,0.05729,0.06865,0.1365,0.15792,0.49667,0.51434,0.02575,0.04103
981,0.05333,0.0669,0.12933,0.15146,0.48067,0.4978,0.02517,0.03854
982,0.06008,0.07138,0.14317,0.16316,0.5025,0.51603,0.0275,0.04073
983,0.05321,0.06479,0.143,0.16834,0.49767,0.51539,0.0295,0.04527
984,0.06717,0.07529,0.16267,0.18238,0.526,0.53844,0.03358,0.04569
985,0.05696,0.06801,0.142,0.16629,0.50367,0.52121,0.03075,0.04464
986,0.05521,0.06674,0.14533,0.17026,0.49667,0.51498,0.0305,0.04435
987,0.05596,0.06756,0.14733,0.17324,0.50517,0.52153,0.03125,0.04568
988,0.05958,0.07063,0.14217,0.16522,0.50617,0.51968,0.02883,0.04174
989,0.05492,0.0665,0.14117,0.16459,0.50017,0.51651,0.029,0.04567
990,0.05667,0.0669,0.15633,0.18388,0.51933,0.53455,0.03242,0.05002
991,0.05183,0.06564,0.12417,0.14702,0.478,0.49397,0.02233,0.03477
992,0.05488,0.06896,0.12717,0.14842,0.4745,0.48983,0.02242,0.03433
993,0.05871,0.06946,0.1485,0.17182,0.51067,0.52484,0.03425,0.04933
994,0.06025,0.07081,0.13433,0.15107,0.49733,0.51179,0.02242,0.0317
995,0.05554,0.06717,0.15183,0.17672,0.5055,0.52332,0.03233,0.04936
996,0.05708,0.06764,0.1405,0.16269,0.4955,0.51465,0.02633,0.03751
997,0.05483,0.06662,0.14533,0.17193,0.4995,0.51616,0.03308,0.05015
998,0.05779,0.06904,0.15183,0.17919,0.49167,0.51166,0.036,0.05082
999,0.06083,0.07186,0.14917,0.17015,0.50567,0.52112,0.03183,0.04232
1000,0.0585,0.06949,0.14783,0.16951,0.51133,0.52644,0.02942,0.04529
1001,0.06433,0.07431,0.14467,0.16593,0.51133,0.52703,0.03017,0.0439
1002,0.05233,0.06346,0.14017,0.16766,0.49683,0.51345,0.02808,0.04262
1003,0.06129,0.07177,0.15183,0.17442,0.50717,0.52342,0.03408,0.04798
1004,0.06179,0.07231,0.14383,0.16647,0.498,0.51384,0.03192,0.04221
1005,0.05813,0.06984,0.14183,0.1666,0.48483,0.50383,0.02942,0.04438
1006,0.06304,0.07234,0.1545,0.17361,0.522,0.53297,0.02825,0.03831
1007,0.04846,0.06188,0.12517,0.15317,0.47233,0.49505,0.02592,0.0384
1008,0.06129,0.0727,0.144,0.16305,0.49483,0.51206,0.0275,0.04052
1009,0.05158,0.06436,0.12833,0.15339,0.484,0.5013,0.02258,0.03788
1010,0.06271,0.07197,0.15267,0.17446,0.51683,0.53359,0.03158,0.04244
1011,0.05396,0.0663,0.13233,0.15675,0.47283,0.4937,0.0275,0.03892
1012,0.05946,0.06968,0.15033,0.17421,0.50767,0.52404,0.03175,0.04723
1013,0.04858,0.06259,0.12633,0.15388,0.4605,0.48261,0.02733,0.04197
1014,0.05779,0.06743,0.1595,0.18494,0.51567,0.53198,0.0375,0.05393
1015,0.05563,0.0672,0.146,0.17045,0.493,0.511,0.02892,0.04357
1016,0.05996,0.06978,0.14133,0.16128,0.50333,0.51883,0.02775,0.03915
1017,0.05988,0.06943,0.14817,0.17345,0.50783,0.52606,0.03333,0.04816
1018,0.04538,0.0578,0.129,0.15966,0.47183,0.49309,0.02625,0.04473
1019,0.06046,0.07107,0.1345,0.15727,0.487,0.50222,0.02492,0.03791
1020,0.05658,0.06845,0.1455,0.17252,0.49433,0.51118,0.03275,0.04859
1021,0.05242,0.06506,0.141,0.16785,0.50033,0.51704,0.0305,0.04742
1022,0.04929,0.06276,0.11983,0.14313,0.46267,0.48233,0.02008,0.03189
1023,0.06104,0.07206,0.13733,0.15707,0.49167,0.50719,0.02675,0.04136
1024,0.05804,0.06846,0.15633,0.18308,0.51683,0.53327,0.03775,0.0533
1025,0.06058,0.07082,0.14867,0.17111,0.51817,0.53215,0.03183,0.04596
1026,0.06329,0.07297,0.153,0.17495,0.51333,0.52809,0.03283,0.04324
1027,0.05008,0.06381,0.11767,0.13904,0.45883,0.47601,0.02192,0.03478
1028,0.04579,0.05911,0.1315,0.16239,0.464,0.48728,0.02917,0.04315
1029,0.06167,0.07105,0.1575,0.18063,0.5165,0.53033,0.03483,0.0511
1030,0.05938,0.06814,0.15317,0.17651,0.5165,0.532,0.02967,0.04237
1031,0.05108,0.06428,0.12717,0.15211,0.47067,0.48842,0.02392,0.03767
1032,0.05808,0.06858,0.1425,0.16336,0.50917,0.52283,0.02675,0.04026
1033,0.04967,0.06139,0.13583,0.16338,0.482,0.49951,0.02783,0.04377
1034,0.05867,0.06941,0.1465,0.16853,0.50767,0.52328,0.02817,0.04402
1035,0.05725,0.06805,0.147,0.17078,0.4985,0.51832,0.03075,0.04321
1036,0.05746,0.06831,0.141,0.16231,0.50383,0.51796,0.02858,0.0402
1037,0.05729,0.07009,0.12583,0.14465,0.47533,0.49059,0.02142,0.0319
1038,0.06071,0.07151,0.13833,0.15969,0.49883,0.51626,0.027,0.03651
1039,0.06542,0.07423,0.15817,0.17722,0.523,0.53494,0.03392,0.04804
1040,0.0495,0.06355,0.12,0.1464,0.45883,0.47971,0.02358,0.03766
1041,0.05413,0.0659,0.13533,0.16214,0.481,0.50138,0.02858,0.04265
1042,0.06492,0.07407,0.14167,0.1619,0.4995,0.51177,0.02442,0.03606
1043,0.06025,0.07079,0.14483,0.16559,0.5165,0.5322,0.02917,0.04226
1044,0.06108,0.07105,0.14967,0.17775,0.5055,0.52132,0.03575,0.05244
1045,0.05825,0.06963,0.13683,0.16079,0.4885,0.5039,0.02992,0.04419
1046,0.06325,0.07203,0.16883,0.1906,0.5355,0.54859,0.03633,0.05227
1047,0.06288,0.07241,0.154,0.17688,0.50867,0.52606,0.03483,0.04843
1048,0.05758,0.07037,0.13533,0.15732,0.4835,0.5001,0.02517,0.03971
1049,0.04983,0.0617,0.13833,0.16592,0.49233,0.51005,0.02525,0.0461
1050,0.04638,0.0591,0.116,0.14259,0.46683,0.48667,0.0225,0.03502
1051,0.06921,0.07762,0.149,0.16726,0.5165,0.52902,0.02792,0.03875
1052,0.06371,0.0734,0.1605,0.18066,0.525,0.53709,0.03517,0.04759
1053,0.05858,0.06792,0.15,0.17374,0.52567,0.54,0.0315,0.04408
1054,0.06438,0.07419,0.157,0.17481,0.523,0.53721,0.03533,0.04429
1055,0.05646,0.06783,0.14633,0.17012,0.49333,0.51186,0.03217,0.0449
1056,0.05754,0.0672,0.1495,0.17552,0.50433,0.52345,0.03442,0.04896
1057,0.06388,0.07281,0.165,0.18425,0.52733,0.54164,0.03483,0.04539
1058,0.05675,0.06766,0.15867,0.18159,0.52617,0.54239,0.03667,0.05074
1059,0.05442,0.06598,0.13683,0.16256,0.486,0.50569,0.0305,0.04565
1060,0.06371,0.07378,0.144,0.16609,0.501,0.51465,0.03092,0.04191
1061,0.05742,0.06737,0.14767,0.17068,0.5175,0.53452,0.03167,0.04548
1062,0.05721,0.06925,0.13317,0.15672,0.488,0.50463,0.0255,0.04018
1063,0.05938,0.06961,0.15117,0.17167,0.521,0.53567,0.02967,0.04408
1064,0.064,0.07389,0.14167,0.15875,0.50017,0.51358,0.02583,0.03697
1065,0.05817,0.06963,0.13983,0.16047,0.499,0.51717,0.02458,0.0366
1066,0.05225,0.06445,0.13867,0.16298,0.48433,0.50304,0.02942,0.0438
1067,0.05521,0.06631,0.14183,0.17005,0.4805,0.49997,0.03033,0.04481
1068,0.05771,0.06941,0.14133,0.16463,0.48967,0.50702,0.029,0.0432
1069,0.05758,0.06904,0.14533,0.16902,0.49533,0.51268,0.03342,0.04595
1070,0.05312,0.06479,0.14867,0.17485,0.492,0.51125,0.0305,0.04545
1071,0.05083,0.06381,0.13967,0.16914,0.49167,0.50887,0.03183,0.04992
1072,0.05842,0.06947,0.16383,0.18938,0.5255,0.53916,0.03867,0.05597
1073,0.05954,0.06952,0.13917,0.15879,0.50017,0.51513,0.0245,0.03797
1074,0.05396,0.06526,0.14217,0.1666,0.50183,0.51927,0.02708,0.03905
1075,0.05742,0.06849,0.14567,0.1715,0.49433,0.51466,0.03317,0.04549
1076,0.05588,0.06581,0.14367,0.16912,0.49433,0.51402,0.03033,0.04614
1077,0.06654,0.07447,0.15333,0.17495,0.5125,0.52781,0.03383,0.04551
1078,0.07025,0.07848,0.14917,0.16499,0.52133,0.53333,0.02908,0.03797
1079,0.06029,0.0714,0.14617,0.1698,0.50633,0.52097,0.03025,0.04174
1080,0.07021,0.07814,0.1535,0.16917,0.5235,0.53729,0.03267,0.04208
1081,0.06054,0.07127,0.15383,0.17474,0.51617,0.5309,0.0315,0.04705
1082,0.05717,0.06731,0.14883,0.17079,0.50267,0.52111,0.03017,0.04151
1083,0.04946,0.06128,0.13867,0.16695,0.49067,0.5073,0.02725,0.0416
1084,0.05292,0.06617,0.1335,0.15912,0.47983,0.49803,0.02692,0.04235
1085,0.05379,0.06556,0.1335,0.15792,0.49333,0.51078,0.0295,0.04282
1086,0.06238,0.07195,0.1555,0.17585,0.5115,0.52454,0.03475,0.04863
1087,0.05992,0.07054,0.13983,0.15875,0.50017,0.51549,0.02617,0.03663
1088,0.0605,0.07075,0.15233,0.17338,0.50917,0.52608,0.031,0.04417
1089,0.0535,0.06551,0.128,0.15175,0.478,0.49561,0.0275,0.03991
1090,0.05225,0.06465,0.14267,0.17151,0.49467,0.51298,0.03367,0.04913
1091,0.05688,0.06724,0.14733,0.1738,0.51483,0.52926,0.03117,0.04808
1092,0.06229,0.07222,0.14033,0.15916,0.50467,0.51761,0.02475,0.03608
1093,0.05779,0.06813,0.14033,0.16456,0.49683,0.51466,0.02958,0.04158
1094,0.06113,0.07162,0.129,0.14471,0.496,0.51126,0.023,0.03265
1095,0.05117,0.06282,0.13233,0.15841,0.484,0.50366,0.02775,0.04258
1096,0.04721,0.05966,0.13017,0.16038,0.47583,0.49644,0.02658,0.04196
1097,0.06058,0.0691,0.16183,0.18251,0.521,0.53872,0.03417,0.04771
1098,0.0495,0.0644,0.11917,0.14568,0.46767,0.48582,0.02267,0.03462
1099,0.05458,0.06603,0.1495,0.17298,0.50267,0.51965,0.03183,0.0456
1100,0.06521,0.07345,0.1675,0.18852,0.533,0.54578,0.03425,0.05017
1101,0.05558,0.06773,0.139,0.16288,0.49167,0.50612,0.02542,0.03938
1102,0.05792,0.06842,0.15483,0.17732,0.51767,0.53617,0.03517,0.04831
1103,0.05475,0.06696,0.1345,0.15711,0.49583,0.51256,0.02658,0.03865
1104,0.05908,0.06869,0.15917,0.1825,0.518,0.53485,0.035,0.04788
1105,0.06533,0.0727,0.1605,0.1825,0.52617,0.54093,0.03375,0.04678
1106,0.053,0.06446,0.1405,0.16611,0.50233,0.52027,0.03067,0.04427
1107,0.06183,0.07172,0.14917,0.16873,0.50633,0.52239,0.02942,0.04387
1108,0.06008,0.07163,0.139,0.15678,0.50983,0.52415,0.02533,0.0354
1109,0.05633,0.06728,0.15367,0.17868,0.50067,0.51879,0.03183,0.04947
1110,0.05567,0.06594,0.13933,0.16495,0.50217,0.51908,0.02725,0.04099
1111,0.04375,0.0582,0.1215,0.14817,0.46567,0.48463,0.02258,0.03804
1112,0.05521,0.06525,0.14767,0.16771,0.50683,0.52294,0.02708,0.04145
1113,0.06538,0.07372,0.152,0.16765,0.51917,0.53102,0.02733,0.04
1114,0.05704,0.06807,0.14283,0.16511,0.50067,0.51809,0.02942,0.04074
1115,0.06096,0.0718,0.139,0.15904,0.504,0.52174,0.02458,0.03527
1116,0.05729,0.06867,0.1395,0.16353,0.49033,0.5072,0.02792,0.04169
1117,0.06213,0.071,0.15967,0.18231,0.51833,0.53326,0.03667,0.05055
1118,0.06458,0.07237,0.17367,0.19399,0.55233,0.56429,0.04008,0.05719
1119,0.05171,0.06436,0.1235,0.14827,0.4725,0.49,0.02175,0.03155
1120,0.06429,0.07236,0.14983,0.16813,0.50933,0.52345,0.02883,0.03994
1121,0.05708,0.06808,0.14133,0.1668,0.49417,0.51084,0.03,0.04511
1122,0.05467,0.06548,0.15017,0.17346,0.50733,0.52137,0.03208,0.04669
1123,0.05579,0.0677,0.12883,0.15545,0.47383,0.49273,0.03167,0.04263
1124,0.06467,0.07368,0.1485,0.16724,0.52267,0.53557,0.02767,0.03716
1125,0.06113,0.07233,0.14517,0.16597,0.502,0.51909,0.02908,0.04369
1126,0.04613,0.0593,0.1285,0.15466,0.48817,0.50876,0.0235,0.03977
1127,0.06842,0.07513,0.17083,0.1893,0.542,0.55437,0.04008,0.05208
1128,0.0525,0.06515,0.12483,0.14877,0.4665,0.4857,0.02425,0.03497
1129,0.06263,0.07211,0.1475,0.16745,0.51267,0.52831,0.03092,0.04202
1130,0.05767,0.06927,0.1415,0.16481,0.49217,0.50901,0.02933,0.04405
1131,0.05879,0.06965,0.14067,0.16047,0.5015,0.51611,0.025,0.03715
1132,0.04821,0.06165,0.12483,0.14959,0.47383,0.49251,0.02625,0.0394
1133,0.056,0.06689,0.1335,0.15524,0.4935,0.51178,0.02575,0.03835
1134,0.0635,0.07259,0.14733,0.16533,0.51933,0.53155,0.02767,0.03751
1135,0.06579,0.07287,0.18333,0.20599,0.5425,0.55538,0.0455,0.06057
1136,0.05696,0.06973,0.13783,0.16137,0.485,0.50183,0.03108,0.0462
1137,0.05821,0.06857,0.15367,0.17614,0.5155,0.53112,0.03125,0.04634
1138,0.06021,0.0713,0.14633,0.16654,0.505,0.51938,0.03067,0.04178
1139,0.05808,0.0709,0.12233,0.14007,0.47583,0.49105,0.024,0.03319
1140,0.05725,0.06731,0.162,0.18589,0.522,0.53888,0.03483,0.05124
1141,0.06304,0.07228,0.15333,0.17594,0.50633,0.52382,0.03208,0.04574
1142,0.05921,0.06966,0.152,0.17541,0.50767,0.52575,0.03325,0.0474
1143,0.0555,0.0673,0.1255,0.14779,0.48317,0.49893,0.02417,0.03733
1144,0.06396,0.07329,0.158,0.17819,0.52117,0.53437,0.03342,0.04612
1145,0.05071,0.06367,0.13967,0.16685,0.48867,0.50835,0.03017,0.04872
1146,0.053,0.06561,0.12267,0.14425,0.47,0.48744,0.02183,0.0337
1147,0.054,0.06553,0.13517,0.16068,0.47667,0.49828,0.02833,0.04011
1148,0.05392,0.06565,0.13983,0.16507,0.49217,0.50991,0.03092,0.04529
1149,0.05392,0.06695,0.13683,0.16432,0.48817,0.50581,0.03017,0.04449
1150,0.06246,0.07289,0.14717,0.16793,0.50167,0.51779,0.03283,0.04517
1151,0.04996,0.06365,0.13017,0.1566,0.4745,0.4935,0.0265,0.03868
1152,0.05796,0.06807,0.14683,0.17091,0.51133,0.52774,0.03225,0.04383
1153,0.06283,0.07107,0.164,0.18905,0.5215,0.53825,0.03617,0.05197
1154,0.06042,0.07015,0.1685,0.19077,0.53617,0.5499,0.03742,0.05254
1155,0.05471,0.06755,0.13167,0.15565,0.4765,0.494,0.02742,0.04164
1156,0.06071,0.06985,0.15017,0.16972,0.51517,0.53167,0.02717,0.03985
1157,0.05908,0.06905,0.14817,0.16938,0.519,0.53106,0.031,0.04509
1158,0.05588,0.06562,0.1495,0.17278,0.50583,0.52141,0.03283,0.04459
1159,0.06483,0.07344,0.15083,0.16927,0.5245,0.5372,0.02792,0.03887
1160,0.0525,0.06484,0.1345,0.15925,0.48283,0.50173,0.02817,0.04195
1161,0.05571,0.06704,0.14383,0.17047,0.49967,0.51723,0.03225,0.04899
1162,0.05963,0.0678,0.1705,0.19457,0.53933,0.55271,0.03625,0.05213
1163,0.05238,0.06348,0.1405,0.16671,0.488,0.50647,0.02933,0.04438
1164,0.06596,0.07414,0.1665,0.187,0.52983,0.54315,0.04075,0.05567
1165,0.05525,0.06671,0.13817,0.16067,0.49833,0.51665,0.0255,0.04169
1166,0.0635,0.07351,0.14417,0.16021,0.51417,0.52837,0.02533,0.03587
1167,0.05675,0.06678,0.15017,0.17511,0.5115,0.52649,0.03233,0.04681
1168,0.05067,0.06376,0.12617,0.15008,0.487,0.50244,0.0255,0.04062
1169,0.05271,0.06509,0.14083,0.16339,0.491,0.51098,0.02733,0.03955
1170,0.05425,0.06608,0.13833,0.16316,0.498,0.51533,0.02667,0.04241
1171,0.06467,0.07408,0.154,0.1752,0.51383,0.53023,0.03692,0.04888
1172,0.05933,0.0691,0.14633,0.16945,0.5125,0.52726,0.02808,0.03895
1173,0.05425,0.06557,0.14633,0.17221,0.50433,0.52411,0.03217,0.0482
1174,0.06225,0.07246,0.14483,0.16756,0.50833,0.52462,0.02883,0.04259
1175,0.05171,0.06377,0.14117,0.16695,0.49833,0.51491,0.02892,0.04475
1176,0.06079,0.06934,0.165,0.18729,0.53217,0.54719,0.0385,0.05004
1177,0.05404,0.06596,0.13383,0.15914,0.487,0.50552,0.02642,0.03978
1178,0.05754,0.06866,0.14767,0.16934,0.50733,0.52554,0.0295,0.04313
1179,0.06308,0.07246,0.1495,0.16895,0.51333,0.52816,0.02608,0.03841
1180,0.06692,0.07506,0.14567,0.16277,0.51133,0.52448,0.02783,0.03867
1181,0.05417,0.06675,0.13367,0.15863,0.48167,0.49944,0.02758,0.04116
1182,0.04863,0.06091,0.135,0.16656,0.47817,0.50031,0.03317,0.04836
1183,0.06708,0.07476,0.16133,0.17709,0.53183,0.54467,0.031,0.04089
1184,0.05646,0.06745,0.14383,0.16857,0.50483,0.52272,0.0285,0.04283
1185,0.05938,0.0678,0.1595,0.18479,0.5275,0.54267,0.03342,0.05174
1186,0.043,0.05713,0.1175,0.1456,0.46117,0.48358,0.02517,0.04045
1187,0.05463,0.06574,0.13917,0.16506,0.49217,0.51135,0.02692,0.03864
1188,0.05721,0.06786,0.1465,0.17282,0.50167,0.51918,0.03025,0.0451
1189,0.05571,0.06769,0.138,0.16308,0.48083,0.5008,0.02642,0.03972
1190,0.06662,0.07441,0.1575,0.17541,0.52167,0.53617,0.031,0.04269
1191,0.05279,0.0658,0.137,0.16381,0.477,0.49543,0.03158,0.0467
1192,0.05667,0.06811,0.13617,0.1571,0.5,0.51588,0.02717,0.03954
1193,0.05846,0.06881,0.14383,0.16787,0.50483,0.52322,0.02733,0.04332
1194,0.05808,0.06975,0.139,0.16225,0.49217,0.50798,0.02858,0.04431
1195,0.05817,0.0697,0.13467,0.15811,0.5015,0.51595,0.02708,0.04096
1196,0.05867,0.06909,0.14567,0.16859,0.508,0.52418,0.0285,0.04441
1197,0.0505,0.06368,0.13117,0.15651,0.47983,0.49761,0.02758,0.04079
1198,0.05854,0.06913,0.14883,0.17084,0.51217,0.52877,0.03217,0.0438
1199,0.05604,0.06714,0.12833,0.15064,0.48867,0.50436,0.02533,0.0338
1200,0.05204,0.0657,0.144,0.16831,0.4945,0.51178,0.0285,0.04506
1201,0.07267,0.0785,0.16817,0.18377,0.54183,0.55102,0.0325,0.04543
1202,0.06858,0.07756,0.1475,0.16405,0.51117,0.5238,0.02992,0.03968
1203,0.06138,0.07132,0.1405,0.16051,0.50367,0.51672,0.027,0.03663
1204,0.05946,0.06828,0.15367,0.175,0.5205,0.53609,0.02742,0.04283
1205,0.05421,0.06585,0.14017,0.16692,0.49667,0.51515,0.02942,0.044
1206,0.05271,0.06333,0.1535,0.18454,0.505,0.52521,0.03975,0.05395
1207,0.05046,0.0633,0.14317,0.17462,0.49817,0.51562,0.0325,0.05078
1208,0.06121,0.07046,0.15867,0.17831,0.5345,0.54761,0.03525,0.04819
1209,0.05942,0.07055,0.14983,0.17441,0.50717,0.52253,0.03467,0.04913
1210,0.06838,0.07561,0.1545,0.17001,0.52617,0.53785,0.03192,0.04299
1211,0.04629,0.05961,0.14133,0.1717,0.49183,0.50997,0.029,0.04992
1212,0.06108,0.07178,0.13633,0.1578,0.50167,0.51746,0.02842,0.03959
1213,0.05292,0.06558,0.13633,0.15789,0.49233,0.50819,0.02842,0.04165
1214,0.05696,0.06818,0.15483,0.1785,0.50417,0.52129,0.02958,0.04471
1215,0.05904,0.07002,0.15083,0.17226,0.52017,0.53699,0.03117,0.04357
1216,0.06296,0.07293,0.1445,0.16324,0.5065,0.52074,0.02908,0.04041
1217,0.06071,0.07073,0.13983,0.15896,0.50417,0.51638,0.02758,0.04047
1218,0.06171,0.07003,0.15033,0.17154,0.51017,0.52705,0.03025,0.04346
1219,0.06196,0.07052,0.15633,0.17935,0.52117,0.5365,0.03142,0.04905
1220,0.06567,0.07458,0.15467,0.17301,0.51283,0.52756,0.02883,0.04047
1221,0.04842,0.06188,0.1435,0.17009,0.48917,0.50866,0.03108,0.04565
1222,0.05246,0.06417,0.13717,0.16339,0.49367,0.51018,0.027,0.04461
1223,0.054,0.06589,0.13583,0.16409,0.4865,0.50287,0.02892,0.04673
1224,0.05458,0.06774,0.12917,0.15084,0.47867,0.49567,0.02308,0.03361
1225,0.05513,0.0659,0.141,0.1671,0.50067,0.52085,0.03175,0.04598
1226,0.05754,0.0671,0.14367,0.16261,0.51783,0.5322,0.02642,0.04008
1227,0.04658,0.06101,0.123,0.14944,0.46083,0.47895,0.02267,0.03907
1228,0.05246,0.06428,0.13917,0.16257,0.492,0.512,0.02742,0.0403
1229,0.05313,0.06554,0.13117,0.15508,0.47967,0.49798,0.02717,0.04038
1230,0.05838,0.06885,0.14617,0.17087,0.5065,0.52215,0.03367,0.04717
1231,0.05792,0.06731,0.13967,0.1621,0.49833,0.51594,0.02575,0.03922
1232,0.06196,0.07214,0.147,0.1685,0.50483,0.51911,0.03192,0.04336
1233,0.05225,0.06474,0.1225,0.14635,0.47683,0.49301,0.02108,0.03265
1234,0.05775,0.06925,0.13733,0.16076,0.4955,0.51142,0.02892,0.04167
1235,0.05833,0.06934,0.14267,0.16565,0.50633,0.52302,0.02817,0.03981
1236,0.05088,0.06324,0.14083,0.16827,0.4945,0.51354,0.02767,0.04349
1237,0.05667,0.06768,0.1435,0.16625,0.48683,0.50564,0.03133,0.0444
1238,0.05404,0.06477,0.15517,0.18085,0.512,0.5288,0.03525,0.05086
1239,0.06171,0.07136,0.14617,0.16745,0.52267,0.53545,0.03358,0.04724
1240,0.05325,0.06486,0.139,0.16567,0.48983,0.51083,0.03492,0.04777
1241,0.05554,0.06611,0.1335,0.15651,0.49783,0.5138,0.02817,0.04003
1242,0.05962,0.07054,0.14683,0.16695,0.5075,0.52405,0.02867,0.03997
1243,0.04467,0.05843,0.13583,0.16428,0.48967,0.50953,0.02917,0.04563
1244,0.06333,0.07353,0.12983,0.15149,0.4805,0.49781,0.02708,0.03568
1245,0.068,0.07491,0.17517,0.19215,0.5435,0.55357,0.04017,0.05225
1246,0.06038,0.07162,0.14683,0.17272,0.50217,0.51757,0.03417,0.05008
1247,0.06008,0.07006,0.1615,0.18763,0.51217,0.52923,0.03875,0.05371
1248,0.05954,0.07021,0.14933,0.17104,0.5045,0.52041,0.02783,0.04187
1249,0.05821,0.06926,0.13183,0.151,0.49217,0.50865,0.02483,0.03458
1250,0.05371,0.06421,0.1255,0.1516,0.48017,0.49903,0.02758,0.03928
1251,0.05817,0.06976,0.1305,0.15251,0.49283,0.50637,0.02667,0.04047
1252,0.05583,0.06653,0.16217,0.18576,0.52367,0.53949,0.03058,0.04829
1253,0.05063,0.06248,0.137,0.16786,0.475,0.49492,0.03325,0.05117
1254,0.06238,0.07151,0.15583,0.17356,0.53067,0.54408,0.02942,0.04138
1255,0.04796,0.06102,0.13633,0.16078,0.49583,0.51368,0.027,0.04397
1256,0.052,0.06464,0.14083,0.16856,0.48467,0.50532,0.02975,0.0487
1257,0.06008,0.07198,0.134,0.15172,0.49817,0.51267,0.02558,0.0348
1258,0.05267,0.06549,0.12267,0.14583,0.4715,0.49,0.0245,0.03727
1259,0.05533,0.06744,0.13667,0.16098,0.48633,0.50666,0.02808,0.03963
1260,0.05954,0.07091,0.13483,0.15492,0.49617,0.50855,0.02567,0.03754
1261,0.06071,0.07052,0.15117,0.17771,0.50433,0.51981,0.03325,0.05021
1262,0.05854,0.06868,0.1565,0.17909,0.521,0.53537,0.034,0.04937
1263,0.05813,0.06891,0.1515,0.1743,0.50683,0.52434,0.03208,0.04731
1264,0.05704,0.06774,0.15567,0.18019,0.513,0.5293,0.03425,0.04954
1265,0.06142,0.07111,0.15483,0.1764,0.524,0.53871,0.03367,0.04683
1266,0.06283,0.07282,0.15633,0.17525,0.52867,0.54342,0.02808,0.04108
1267,0.06192,0.07279,0.13283,0.15005,0.48767,0.50033,0.02317,0.03384
1268,0.06071,0.06973,0.15183,0.17338,0.52333,0.53819,0.02925,0.04275
1269,0.06138,0.07132,0.14883,0.16831,0.51583,0.52912,0.02833,0.03997
1270,0.05604,0.06764,0.13533,0.16105,0.48333,0.49941,0.027,0.04067
1271,0.05429,0.06651,0.12533,0.15021,0.479,0.49585,0.02892,0.04182
1272,0.06288,0.07214,0.13317,0.15001,0.492,0.50704,0.02183,0.02934
1273,0.05575,0.06808,0.136,0.16193,0.49,0.50631,0.0305,0.04336
1274,0.05767,0.06702,0.1555,0.179,0.52383,0.53973,0.03092,0.04589
1275,0.06158,0.07205,0.145,0.1665,0.50067,0.51567,0.03033,0.04506
1276,0.06375,0.07384,0.1525,0.17558,0.50483,0.51976,0.03383,0.04958
1277,0.06217,0.07009,0.15083,0.17125,0.52167,0.53668,0.03083,0.04284
1278,0.05346,0.06308,0.15017,0.17598,0.51483,0.5332,0.0345,0.04723
1279,0.06029,0.07052,0.14617,0.16307,0.514,0.5271,0.02517,0.03723
1280,0.05879,0.06977,0.15067,0.17827,0.49833,0.51563,0.03142,0.04712
1281,0.05642,0.06804,0.13083,0.15435,0.48117,0.49948,0.02558,0.03836
1282,0.06012,0.07174,0.13983,0.16167,0.49017,0.50757,0.03217,0.04569
1283,0.05108,0.0647,0.13717,0.16742,0.47317,0.49264,0.02992,0.0462
1284,0.05358,0.06566,0.137,0.16264,0.48867,0.50671,0.02683,0.04125
1285,0.05475,0.06707,0.1225,0.14498,0.47667,0.49517,0.02617,0.03683
1286,0.06275,0.07283,0.14267,0.16391,0.4995,0.51529,0.02992,0.04391
1287,0.06338,0.07216,0.15633,0.17728,0.5205,0.53616,0.03233,0.04576
1288,0.05821,0.06816,0.14683,0.17192,0.512,0.52941,0.03242,0.04783
1289,0.05463,0.06682,0.134,0.15722,0.49567,0.51356,0.02817,0.04018
1290,0.05321,0.06528,0.13967,0.16269,0.49083,0.50897,0.03058,0.04201
1291,0.05304,0.0667,0.12867,0.15026,0.48533,0.50089,0.02542,0.03844
1292,0.04954,0.06203,0.136,0.16454,0.47767,0.49649,0.02983,0.04367
1293,0.05954,0.07014,0.15067,0.17339,0.519,0.53504,0.03733,0.0519
1294,0.0505,0.06257,0.13883,0.168,0.48467,0.50297,0.02992,0.04569
1295,0.05942,0.0703,0.13933,0.15957,0.50067,0.51583,0.02517,0.03976
1296,0.05979,0.06942,0.15017,0.17017,0.52117,0.5357,0.03217,0.04479
1297,0.06017,0.07088,0.14967,0.17405,0.5135,0.5292,0.03225,0.04784
1298,0.05575,0.06715,0.152,0.17645,0.51417,0.53199,0.03042,0.04742
1299,0.0595,0.0692,0.15183,0.1752,0.52483,0.53961,0.0325,0.0492
1300,0.063,0.07357,0.13817,0.15827,0.49417,0.50822,0.02767,0.03778
1301,0.04638,0.0601,0.12617,0.1524,0.47517,0.49427,0.02667,0.04174
1302,0.06092,0.07057,0.1545,0.17718,0.51533,0.53163,0.03317,0.04798
1303,0.0565,0.0662,0.14883,0.178,0.507,0.52394,0.03567,0.05228
1304,0.05767,0.06783,0.13817,0.15934,0.49533,0.51319,0.02767,0.04219
1305,0.05763,0.06775,0.1445,0.16745,0.49883,0.51712,0.02808,0.0409
1306,0.05979,0.07025,0.14083,0.1643,0.50067,0.51332,0.02683,0.04225
1307,0.06454,0.07469,0.14383,0.16322,0.51033,0.52469,0.02975,0.04443
1308,0.06029,0.06979,0.14517,0.16894,0.522,0.5362,0.02917,0.04455
1309,0.05354,0.06624,0.13733,0.16472,0.487,0.50546,0.02825,0.04371
1310,0.05017,0.06201,0.135,0.16111,0.48167,0.50102,0.027,0.04375
1311,0.05913,0.06877,0.16183,0.18593,0.51417,0.53141,0.03592,0.05086
1312,0.05204,0.06525,0.1415,0.16722,0.48433,0.50422,0.028,0.04241
1313,0.05971,0.06925,0.1445,0.16714,0.50233,0.52076,0.02858,0.04209
1314,0.04742,0.0608,0.12267,0.14929,0.45967,0.47952,0.02417,0.03842
1315,0.06621,0.07461,0.14933,0.1697,0.52017,0.53337,0.03,0.04337
1316,0.05808,0.06842,0.16017,0.18542,0.51367,0.52935,0.03308,0.05077
1317,0.06075,0.07004,0.142,0.16564,0.507,0.52117,0.02842,0.04158
1318,0.05608,0.06892,0.12433,0.14276,0.48517,0.50121,0.02025,0.03127
1319,0.06058,0.07036,0.14833,0.16914,0.52033,0.53521,0.02983,0.04211
1320,0.05263,0.06529,0.12933,0.15603,0.4785,0.49615,0.02525,0.03936
1321,0.05129,0.06351,0.13133,0.15863,0.47467,0.49676,0.02783,0.0423
1322,0.05621,0.06745,0.14217,0.16697,0.49533,0.51392,0.03067,0.04601
1323,0.05533,0.06814,0.12483,0.14642,0.4715,0.48768,0.02192,0.03355
1324,0.06046,0.07132,0.15883,0.17907,0.52033,0.53528,0.03383,0.04597
1325,0.04838,0.06288,0.12783,0.15439,0.4715,0.48934,0.02483,0.04057
1326,0.06217,0.07256,0.13717,0.15386,0.49067,0.50225,0.02575,0.03753
1327,0.05183,0.06476,0.134,0.15968,0.484,0.50342,0.02408,0.03822
1328,0.05588,0.06654,0.15083,0.17581,0.51417,0.52989,0.0335,0.0452
1329,0.06188,0.07197,0.15,0.17409,0.50933,0.52324,0.03075,0.04578
1330,0.05333,0.06507,0.1325,0.16173,0.47867,0.4974,0.03008,0.04437
1331,0.05117,0.06538,0.1205,0.14464,0.46767,0.4856,0.02333,0.0351
1332,0.05254,0.06442,0.13417,0.15705,0.49283,0.50996,0.02392,0.03514
1333,0.05892,0.0691,0.13983,0.1592,0.50417,0.51929,0.02525,0.03926
1334,0.06021,0.0708,0.15467,0.17669,0.5165,0.53365,0.03117,0.04289
1335,0.06183,0.0707,0.14217,0.1636,0.50733,0.52061,0.03033,0.04302
1336,0.06321,0.07269,0.1425,0.16141,0.50783,0.52213,0.0265,0.03716
1337,0.06292,0.07178,0.16267,0.18499,0.52183,0.53737,0.03867,0.05124
1338,0.06021,0.07025,0.14133,0.15981,0.50733,0.52235,0.02825,0.04014
1339,0.05425,0.0677,0.12633,0.14704,0.475,0.49226,0.02325,0.03398
1340,0.06483,0.07405,0.1395,0.15665,0.50667,0.51965,0.02475,0.03447
1341,0.05933,0.07032,0.14533,0.16716,0.502,0.51523,0.03008,0.04197
1342,0.04975,0.06171,0.14333,0.17297,0.49083,0.50732,0.03133,0.04794
1343,0.05342,0.06633,0.13617,0.16068,0.4855,0.50195,0.03,0.04283
1344,0.05579,0.06528,0.14967,0.17574,0.508,0.52774,0.03283,0.04968
1345,0.05071,0.06432,0.1325,0.15734,0.491,0.50734,0.02925,0.0441
1346,0.05725,0.0689,0.1435,0.16806,0.49467,0.51362,0.03017,0.04387
1347,0.06175,0.07085,0.15633,0.17882,0.52233,0.53498,0.03208,0.0473
1348,0.05692,0.06787,0.14117,0.16592,0.49483,0.51134,0.02917,0.04132
1349,0.05796,0.0682,0.1685,0.1935,0.527,0.54338,0.03917,0.05459
1350,0.06296,0.07244,0.1485,0.17137,0.50617,0.52089,0.03075,0.0457
1351,0.05942,0.06917,0.1465,0.17001,0.505,0.52126,0.03108,0.04396
1352,0.05992,0.07032,0.14,0.16308,0.4965,0.51409,0.02858,0.04448
1353,0.0535,0.06657,0.14383,0.17337,0.49067,0.50931,0.03125,0.04865
1354,0.05688,0.06925,0.13933,0.16353,0.48583,0.50478,0.02875,0.04257
1355,0.05754,0.06879,0.13933,0.1614,0.50367,0.51919,0.02833,0.04113
1356,0.05625,0.0665,0.15317,0.17926,0.51883,0.53474,0.03608,0.04993
1357,0.06083,0.07052,0.1505,0.17751,0.5055,0.52368,0.03708,0.05056
1358,0.06208,0.07205,0.153,0.17619,0.51333,0.52659,0.033,0.04733
1359,0.06592,0.07473,0.14983,0.16507,0.51883,0.53212,0.02825,0.03753
1360,0.04892,0.06186,0.12833,0.1561,0.46583,0.48514,0.0275,0.04062
1361,0.06579,0.07371,0.16133,0.1802,0.52767,0.54059,0.03042,0.04319
1362,0.0545,0.06775,0.1365,0.16315,0.4795,0.49863,0.032,0.047
1363,0.05025,0.06107,0.12133,0.14544,0.47717,0.49748,0.02233,0.03421
1364,0.04867,0.06049,0.1515,0.18105,0.51017,0.52824,0.03425,0.05176
1365,0.05725,0.07007,0.13567,0.15947,0.48817,0.5013,0.02508,0.03947
1366,0.05233,0.06561,0.13233,0.15941,0.487,0.50436,0.02792,0.04268
1367,0.05546,0.06629,0.14283,0.16796,0.506,0.52301,0.02892,0.042
1368,0.05288,0.06584,0.13933,0.16445,0.49983,0.51776,0.028,0.042
1369,0.04829,0.06127,0.1305,0.15925,0.46767,0.48899,0.02908,0.04344
1370,0.06767,0.0762,0.14783,0.16931,0.51067,0.5255,0.03092,0.04443
1371,0.05929,0.06915,0.15117,0.17428,0.51517,0.5304,0.03292,0.04725
1372,0.05271,0.06414,0.146,0.17226,0.4955,0.51544,0.02858,0.04161
1373,0.05767,0.0666,0.1675,0.1879,0.5345,0.5501,0.03358,0.04652
1374,0.05679,0.06703,0.15917,0.18556,0.511,0.52929,0.03817,0.05195
1375,0.05604,0.06754,0.14133,0.16458,0.49933,0.51455,0.02783,0.04134
1376,0.05171,0.06364,0.14017,0.1686,0.4875,0.50861,0.03167,0.04583
1377,0.04129,0.05621,0.11933,0.14778,0.45567,0.47913,0.02617,0.03986
1378,0.05771,0.069,0.14167,0.1645,0.5015,0.51766,0.02808,0.04257
1379,0.05675,0.06919,0.14133,0.16433,0.49,0.50884,0.02758,0.04117
1380,0.05246,0.06617,0.13033,0.15173,0.48217,0.50044,0.02383,0.03547
1381,0.05729,0.069,0.136,0.15615,0.4895,0.50663,0.02483,0.03462
1382,0.05758,0.0693,0.13667,0.16349,0.48783,0.50542,0.02892,0.04612
1383,0.05442,0.06658,0.14017,0.16275,0.5,0.51531,0.027,0.04009
1384,0.05275,0.06462,0.13133,0.15454,0.48867,0.50647,0.0265,0.03882
1385,0.05204,0.06418,0.13883,0.1639,0.49183,0.50798,0.02983,0.04537
1386,0.05675,0.06891,0.127,0.14521,0.48667,0.50395,0.02367,0.03166
1387,0.0545,0.06561,0.1435,0.16887,0.505,0.52111,0.02908,0.04473
1388,0.05871,0.06966,0.1455,0.17035,0.49133,0.5078,0.03075,0.0449
1389,0.05317,0.06647,0.1285,0.15756,0.47667,0.49447,0.02992,0.04728
1390,0.05392,0.06604,0.135,0.15975,0.489,0.50454,0.02758,0.04281
1391,0.05567,0.06749,0.13617,0.1577,0.48967,0.50871,0.02775,0.03907
1392,0.05304,0.06589,0.13217,0.15525,0.48317,0.49894,0.02375,0.03658
1393,0.06004,0.06842,0.16533,0.18823,0.52383,0.5399,0.03392,0.05087
1394,0.06042,0.06915,0.1585,0.18091,0.52083,0.53742,0.03375,0.0506
1395,0.05321,0.06636,0.14117,0.16607,0.48767,0.50602,0.029,0.04255
1396,0.061,0.07193,0.13967,0.16149,0.50083,0.51566,0.02975,0.03889
1397,0.05529,0.06769,0.13433,0.15743,0.48767,0.50634,0.02608,0.04001
1398,0.05492,0.06761,0.1315,0.15443,0.48933,0.50523,0.02375,0.03612
1399,0.05325,0.06654,0.1375,0.1633,0.48283,0.50209,0.02933,0.0464
1400,0.06225,0.07092,0.1665,0.19062,0.54033,0.55288,0.03808,0.05477
1401,0.05637,0.06581,0.15633,0.17901,0.529,0.54589,0.03342,0.04798
1402,0.06354,0.07326,0.13783,0.1546,0.51,0.52254,0.02408,0.03399
1403,0.05475,0.06605,0.14233,0.16816,0.499,0.51749,0.02875,0.04271
1404,0.05321,0.06528,0.14517,0.17084,0.49417,0.51245,0.02825,0.0443
1405,0.05192,0.06345,0.15,0.17713,0.50783,0.52771,0.03442,0.05033
1406,0.05596,0.06632,0.147,0.17219,0.49933,0.51931,0.03008,0.04568
1407,0.05229,0.06451,0.13833,0.16527,0.48767,0.50892,0.02883,0.04369
1408,0.06025,0.07044,0.1435,0.1641,0.51033,0.52487,0.02592,0.03882
1409,0.04883,0.06272,0.13467,0.16185,0.48483,0.50552,0.02708,0.04124
1410,0.05925,0.06925,0.14483,0.17056,0.49433,0.51299,0.03067,0.04609
1411,0.06042,0.07136,0.13833,0.16049,0.49767,0.51243,0.03067,0.04297
1412,0.06033,0.07018,0.16367,0.18494,0.5245,0.53933,0.03683,0.04913
1413,0.06142,0.07318,0.13683,0.15689,0.49017,0.50245,0.02442,0.03676
1414,0.05063,0.06336,0.12983,0.15623,0.475,0.49578,0.02558,0.03804
1415,0.05679,0.06795,0.14833,0.17321,0.5135,0.53076,0.033,0.04865
1416,0.05579,0.06672,0.15383,0.17867,0.5055,0.52213,0.03433,0.04836
1417,0.06412,0.07329,0.15467,0.17619,0.5215,0.53466,0.03575,0.04946
1418,0.05679,0.06921,0.139,0.16222,0.492,0.50783,0.02792,0.04236
1419,0.05371,0.06594,0.1375,0.16027,0.49217,0.51057,0.02558,0.03995
1420,0.06242,0.07094,0.16317,0.18692,0.5225,0.53698,0.03775,0.05372
1421,0.062,0.07181,0.142,0.16521,0.50317,0.51745,0.03042,0.04313
1422,0.05,0.06161,0.14617,0.17478,0.4995,0.51954,0.03392,0.04946
1423,0.06263,0.07255,0.146,0.16755,0.51167,0.52666,0.03133,0.04419
1424,0.05537,0.06689,0.13217,0.15311,0.49633,0.51148,0.02358,0.03383
1425,0.05354,0.06669,0.13817,0.16254,0.48417,0.50084,0.02717,0.04047
1426,0.05488,0.06769,0.13467,0.15769,0.48567,0.50228,0.027,0.042
1427,0.06875,0.077,0.14583,0.16629,0.50017,0.51477,0.03042,0.04267
1428,0.05992,0.06985,0.14167,0.16485,0.49883,0.51658,0.02925,0.04144
1429,0.05888,0.07068,0.1355,0.15399,0.498,0.51392,0.02433,0.03498
1430,0.05954,0.07132,0.13633,0.15639,0.4855,0.50182,0.02658,0.03823
1431,0.0575,0.0691,0.13933,0.15891,0.50017,0.5163,0.02408,0.03397
1432,0.06575,0.07492,0.15983,0.18011,0.52617,0.54128,0.03333,0.048
1433,0.05333,0.06582,0.13083,0.1555,0.48317,0.49934,0.02717,0.0408
1434,0.04988,0.06368,0.131,0.15623,0.47767,0.49622,0.02575,0.03893
1435,0.04625,0.05766,0.14033,0.17192,0.48,0.50322,0.03258,0.0478
1436,0.06204,0.07022,0.16317,0.18804,0.52717,0.54317,0.04017,0.05426
1437,0.05929,0.07033,0.13983,0.15877,0.50233,0.51626,0.02967,0.03997
1438,0.06113,0.07118,0.13517,0.15499,0.5065,0.52405,0.028,0.03779
1439,0.0565,0.06614,0.14683,0.16902,0.518,0.53407,0.03358,0.04608
1440,0.06217,0.07155,0.158,0.1792,0.53017,0.54133,0.03542,0.05104
1441,0.06029,0.07049,0.14783,0.1691,0.51117,0.52422,0.02858,0.04201
1442,0.06262,0.07238,0.14283,0.1616,0.505,0.51931,0.02317,0.03353
1443,0.05521,0.06821,0.13083,0.15552,0.48567,0.50026,0.028,0.04296
1444,0.06604,0.0755,0.15033,0.1679,0.51933,0.53029,0.03125,0.04248
1445,0.05496,0.06799,0.13083,0.15617,0.478,0.49524,0.02992,0.04514
1446,0.05796,0.069,0.1415,0.16448,0.50033,0.51694,0.02833,0.04157
1447,0.05475,0.06692,0.14283,0.16842,0.48717,0.50463,0.02975,0.04466
1448,0.05738,0.06828,0.14733,0.17442,0.50183,0.52058,0.03408,0.04919
1449,0.05208,0.06601,0.1345,0.15867,0.47683,0.49602,0.02775,0.04384
1450,0.06563,0.07555,0.15117,0.16969,0.515,0.52984,0.02892,0.0421
1451,0.06083,0.07092,0.1505,0.17388,0.5155,0.53067,0.03408,0.04819
1452,0.05483,0.06763,0.12833,0.15202,0.4845,0.49778,0.024,0.03754
1453,0.0575,0.06793,0.15517,0.18076,0.50917,0.52532,0.03667,0.052
1454,0.05675,0.06921,0.134,0.15796,0.484,0.50106,0.0295,0.04337
1455,0.06046,0.07168,0.16067,0.185,0.51417,0.52872,0.03617,0.05098
1456,0.05625,0.06811,0.14283,0.17002,0.49433,0.51302,0.03025,0.04575
1457,0.04983,0.06365,0.14483,0.17418,0.49517,0.51266,0.03375,0.05268
1458,0.05796,0.0689,0.14717,0.17363,0.50117,0.51761,0.03283,0.04785
1459,0.06283,0.0729,0.15133,0.17257,0.5045,0.51842,0.032,0.04666
1460,0.05283,0.06501,0.13167,0.15552,0.49283,0.50939,0.02525,0.04084
1461,0.05888,0.06978,0.14917,0.17166,0.50633,0.52269,0.03133,0.04781
1462,0.05721,0.06766,0.15983,0.18703,0.513,0.53076,0.034,0.05125
1463,0.05275,0.06449,0.134,0.16129,0.47833,0.50175,0.028,0.04051
1464,0.06079,0.07052,0.1435,0.1656,0.49417,0.51087,0.02642,0.03911
1465,0.06304,0.0738,0.12867,0.14455,0.4865,0.5003,0.0185,0.02703
1466,0.06317,0.07251,0.14383,0.16354,0.4995,0.51505,0.02633,0.038
1467,0.05392,0.0673,0.12683,0.15024,0.46667,0.48437,0.02583,0.03697
1468,0.05838,0.06921,0.13817,0.15904,0.499,0.51334,0.02867,0.03985
1469,0.05754,0.06876,0.142,0.17004,0.49083,0.5086,0.03308,0.04777
1470,0.05696,0.06676,0.15617,0.17766,0.53083,0.54532,0.03425,0.04822
1471,0.05467,0.06644,0.15433,0.18033,0.509,0.52727,0.03433,0.05089
1472,0.05646,0.06815,0.13817,0.16334,0.49433,0.51153,0.02942,0.04246
1473,0.05575,0.06687,0.14217,0.16698,0.49283,0.51044,0.0305,0.04585
1474,0.05125,0.06329,0.1365,0.16552,0.48483,0.50419,0.03083,0.04722
1475,0.05846,0.06941,0.13467,0.15761,0.48883,0.50335,0.02642,0.03925
1476,0.059,0.06941,0.151,0.17266,0.5085,0.52403,0.03092,0.04523
1477,0.06442,0.07483,0.14317,0.16365,0.49167,0.50867,0.03,0.04253
1478,0.0545,0.06695,0.135,0.15849,0.47833,0.49509,0.02625,0.03791
1479,0.05983,0.07137,0.13517,0.15531,0.48633,0.50258,0.0255,0.0364
1480,0.05992,0.07073,0.15483,0.17628,0.5185,0.53342,0.03333,0.04723
1481,0.05638,0.06654,0.1635,0.19105,0.52583,0.53914,0.0375,0.05719
1482,0.05767,0.06951,0.13917,0.16358,0.4915,0.5082,0.03133,0.04494
1483,0.05513,0.06771,0.13483,0.15721,0.48967,0.50707,0.0275,0.04223
1484,0.05921,0.06873,0.151,0.17283,0.51383,0.52924,0.03225,0.04468
1485,0.05425,0.06601,0.122,0.14189,0.48717,0.50195,0.02025,0.03039
1486,0.05104,0.06301,0.14767,0.17805,0.50517,0.52277,0.03525,0.05176
1487,0.05546,0.06772,0.131,0.15618,0.48517,0.50094,0.02842,0.04104
1488,0.06763,0.07462,0.15933,0.17878,0.5235,0.53662,0.03425,0.0484
1489,0.05771,0.06966,0.13467,0.15441,0.49083,0.50539,0.0225,0.0358
1490,0.06271,0.07166,0.14483,0.16549,0.5155,0.53313,0.03,0.04445
1491,0.05562,0.06632,0.1435,0.16491,0.50717,0.52141,0.02883,0.04109
1492,0.05917,0.06933,0.15383,0.17888,0.50617,0.52263,0.03192,0.04623
1493,0.0585,0.0691,0.14467,0.16757,0.5,0.51696,0.0285,0.04169
1494,0.04708,0.06068,0.14983,0.18007,0.4895,0.50924,0.035,0.05315
1495,0.05375,0.06618,0.13783,0.16121,0.497,0.51381,0.02825,0.04155
1496,0.05854,0.06848,0.13883,0.16087,0.499,0.51799,0.026,0.03874
1497,0.04396,0.05738,0.126,0.1548,0.46317,0.48504,0.029,0.04298
1498,0.05971,0.07027,0.15433,0.17392,0.51817,0.53162,0.02842,0.04077
1499,0.06013,0.07075,0.14067,0.16095,0.49817,0.51761,0.02733,0.0395
1500,0.06017,0.0712,0.14367,0.16647,0.50483,0.5194,0.03242,0.04538
1501,0.06133,0.07154,0.15333,0.17829,0.5035,0.52131,0.03542,0.05178
1502,0.05446,0.06619,0.13417,0.15932,0.4875,0.5028,0.02833,0.04175
1503,0.05925,0.07025,0.1365,0.15957,0.49917,0.51639,0.032,0.04282
1504,0.0655,0.07386,0.15067,0.17188,0.51533,0.53155,0.032,0.04456
1505,0.05738,0.06917,0.12983,0.15164,0.482,0.49821,0.02525,0.03683
1506,0.05725,0.06854,0.13783,0.16123,0.49333,0.51165,0.0275,0.04063
1507,0.05625,0.06801,0.14733,0.17118,0.4975,0.51574,0.03092,0.04477
1508,0.05579,0.06956,0.124,0.14121,0.48333,0.49956,0.02092,0.03001
1509,0.06725,0.07457,0.15933,0.17702,0.53317,0.54643,0.031,0.04319
1510,0.06425,0.07287,0.171,0.19486,0.53417,0.54842,0.04167,0.0592
1511,0.04588,0.05896,0.13033,0.15923,0.47317,0.49384,0.0235,0.03845
1512,0.05946,0.06935,0.1435,0.16651,0.50633,0.52189,0.03225,0.04699
1513,0.05717,0.06815,0.14417,0.16599,0.50567,0.52287,0.02925,0.04315
1514,0.06438,0.07241,0.14883,0.16569,0.511,0.52434,0.02725,0.03954
1515,0.06213,0.07123,0.15417,0.17598,0.5165,0.53135,0.03392,0.0467
1516,0.05896,0.07075,0.13783,0.16029,0.486,0.50419,0.026,0.03687
1517,0.05267,0.06415,0.1435,0.1697,0.49883,0.51828,0.03117,0.04534
1518,0.06967,0.07678,0.15967,0.17679,0.5245,0.5365,0.03483,0.04551
1519,0.0565,0.06825,0.13717,0.16022,0.488,0.50505,0.02575,0.03729
1520,0.06746,0.07658,0.15317,0.17311,0.51367,0.5237,0.03317,0.04355
1521,0.06542,0.07361,0.1605,0.18004,0.5255,0.54074,0.036,0.04763
1522,0.05025,0.06219,0.1385,0.16541,0.49767,0.51575,0.03125,0.04801
1523,0.06229,0.07167,0.1435,0.1627,0.51383,0.52763,0.026,0.03846
1524,0.04646,0.05933,0.13817,0.17036,0.48683,0.50824,0.03058,0.04929
1525,0.05363,0.06608,0.14183,0.16659,0.499,0.51626,0.03492,0.04827
1526,0.064,0.07323,0.1545,0.17406,0.517,0.53141,0.03233,0.04289
1527,0.05183,0.06464,0.126,0.14892,0.48117,0.49732,0.025,0.0371
1528,0.04912,0.06166,0.137,0.16597,0.486,0.50361,0.03083,0.05092
1529,0.05396,0.06466,0.14083,0.1674,0.49983,0.51916,0.03008,0.04279
1530,0.052,0.06423,0.13567,0.16336,0.486,0.5051,0.03,0.04385
1531,0.05292,0.06598,0.13883,0.16531,0.48583,0.50446,0.03042,0.04746
1532,0.06283,0.07252,0.1545,0.17395,0.5145,0.52579,0.03175,0.04653
1533,0.05538,0.06759,0.13633,0.15882,0.49083,0.50756,0.02525,0.03996
1534,0.05283,0.06361,0.1455,0.1742,0.4995,0.51587,0.03258,0.05132
1535,0.04738,0.06125,0.11083,0.1359,0.4505,0.47191,0.02192,0.03371
1536,0.06142,0.07228,0.147,0.16813,0.50333,0.51779,0.02983,0.04189
1537,0.05979,0.06935,0.1415,0.1621,0.50433,0.52168,0.026,0.03883
1538,0.05667,0.06679,0.1505,0.17448,0.51183,0.52751,0.03292,0.04632
1539,0.04954,0.06397,0.11967,0.14746,0.46367,0.48188,0.02725,0.04192
1540,0.05771,0.06742,0.15217,0.17668,0.50917,0.52706,0.03217,0.04541
1541,0.05479,0.06746,0.13383,0.15733,0.48417,0.50179,0.02617,0.03937
1542,0.06204,0.07264,0.14683,0.16769,0.4985,0.51393,0.02942,0.0421
1543,0.06042,0.0693,0.16267,0.18472,0.5305,0.54618,0.03758,0.05111
1544,0.06254,0.07317,0.1405,0.16237,0.488,0.50637,0.02792,0.04218
1545,0.06775,0.07398,0.1575,0.17164,0.531,0.54407,0.02592,0.0371
1546,0.05633,0.06832,0.14567,0.17004,0.51633,0.53108,0.03142,0.04696
1547,0.05775,0.06952,0.13633,0.15782,0.49117,0.50585,0.02867,0.03959
1548,0.0685,0.07688,0.15067,0.16794,0.5205,0.53141,0.03033,0.04014
1549,0.055,0.06604,0.1455,0.17137,0.49717,0.51356,0.03058,0.04396
1550,0.04875,0.06278,0.13433,0.16103,0.46917,0.49238,0.02842,0.04433
1551,0.05933,0.06964,0.1545,0.1799,0.51933,0.53368,0.03558,0.05126
1552,0.05683,0.06812,0.14167,0.16523,0.496,0.51499,0.0285,0.04177
1553,0.04821,0.06199,0.123,0.14811,0.47533,0.49121,0.02533,0.03733
1554,0.05192,0.06475,0.13,0.15191,0.4865,0.50435,0.0245,0.03661
1555,0.06079,0.06981,0.15983,0.18136,0.5255,0.54211,0.03542,0.05026
1556,0.04933,0.06174,0.13867,0.16631,0.49417,0.51273,0.02725,0.04565
1557,0.05408,0.06624,0.14017,0.16638,0.49233,0.51033,0.02917,0.04597
1558,0.05754,0.06945,0.1565,0.18194,0.5,0.51708,0.03467,0.05141
1559,0.05513,0.067,0.1415,0.16627,0.4915,0.51053,0.032,0.04635
1560,0.05358,0.06621,0.13783,0.16214,0.4835,0.50206,0.02925,0.04389
1561,0.04888,0.06117,0.12483,0.15089,0.47533,0.49287,0.02342,0.03498
1562,0.06708,0.07627,0.147,0.16448,0.50483,0.51938,0.03067,0.0397
1563,0.05513,0.06708,0.13083,0.154,0.48817,0.50337,0.02508,0.04026
1564,0.05842,0.07002,0.13733,0.15761,0.498,0.51335,0.02625,0.03524
1565,0.06117,0.07043,0.1525,0.17507,0.51633,0.53006,0.03342,0.04661
1566,0.05588,0.06787,0.12933,0.15156,0.474,0.49171,0.02542,0.03604
1567,0.05683,0.06752,0.15117,0.17832,0.50483,0.52068,0.03225,0.0499
1568,0.06188,0.0706,0.1595,0.18157,0.51683,0.53244,0.03208,0.04523
1569,0.0625,0.07126,0.1525,0.17173,0.51917,0.53376,0.0315,0.04479
1570,0.05246,0.06322,0.15483,0.18539,0.49833,0.51764,0.03775,0.05382
1571,0.05396,0.06601,0.141,0.16784,0.4895,0.50704,0.02808,0.04433
1572,0.05292,0.06537,0.14433,0.1704,0.49533,0.51383,0.03225,0.04795
1573,0.055,0.06612,0.14717,0.17309,0.49667,0.51587,0.0315,0.04696
1574,0.06225,0.07255,0.14617,0.16726,0.50367,0.5181,0.03167,0.04229
1575,0.05742,0.0692,0.13333,0.15373,0.49533,0.5102,0.02517,0.03559
1576,0.05075,0.06405,0.1375,0.16466,0.4765,0.49591,0.02983,0.04506
1577,0.0565,0.06838,0.13417,0.15745,0.48933,0.50722,0.02692,0.04132
1578,0.06033,0.07071,0.15317,0.17378,0.51733,0.53349,0.02925,0.04118
1579,0.07063,0.07732,0.17183,0.18814,0.55217,0.56133,0.03658,0.04882
1580,0.05917,0.06904,0.1525,0.17585,0.51267,0.52667,0.032,0.04867
1581,0.05854,0.06933,0.13917,0.16272,0.50267,0.51747,0.02633,0.04028
1582,0.05596,0.06743,0.1625,0.18602,0.51967,0.53598,0.03567,0.0505
1583,0.06104,0.07173,0.14417,0.16351,0.50233,0.51586,0.02858,0.04079
1584,0.05775,0.06817,0.16467,0.19122,0.51833,0.53415,0.03708,0.05481
1585,0.06108,0.07097,0.14567,0.16909,0.50983,0.52525,0.03392,0.04471
1586,0.06725,0.07683,0.14983,0.16795,0.50867,0.52117,0.02958,0.04227
1587,0.06338,0.07311,0.1445,0.16485,0.5035,0.51943,0.02683,0.04041
1588,0.06267,0.07174,0.14883,0.16573,0.52133,0.53727,0.02783,0.03874
1589,0.05875,0.07012,0.15317,0.17812,0.50733,0.52123,0.03408,0.05228
1590,0.05858,0.06872,0.15167,0.17637,0.5085,0.52468,0.03125,0.04705
1591,0.059,0.06936,0.1495,0.17443,0.5075,0.52173,0.03442,0.04885
1592,0.05875,0.06828,0.15167,0.17436,0.50567,0.5216,0.02625,0.04158
1593,0.05629,0.06733,0.1525,0.17839,0.50417,0.52064,0.03242,0.04854
1594,0.05571,0.06765,0.15217,0.17684,0.49167,0.50997,0.03333,0.04942
1595,0.06271,0.07221,0.153,0.1718,0.51917,0.5334,0.03025,0.04135
1596,0.05554,0.06637,0.14383,0.17207,0.49267,0.51248,0.03158,0.04676
1597,0.06429,0.07372,0.15517,0.17855,0.51467,0.52886,0.03292,0.04518
1598,0.06188,0.07234,0.1475,0.17193,0.50217,0.51771,0.03292,0.04578
1599,0.06858,0.07542,0.17183,0.19085,0.54733,0.55895,0.04083,0.05377
1600,0.05338,0.06477,0.14583,0.17059,0.50083,0.5191,0.02975,0.04161
1601,0.06088,0.07228,0.13667,0.15597,0.49083,0.50775,0.02775,0.03921
1602,0.06292,0.07352,0.13983,0.16065,0.50017,0.51449,0.03042,0.04094
1603,0.06788,0.07584,0.14517,0.16502,0.51483,0.52703,0.03483,0.04713
1604,0.06408,0.07339,0.14117,0.15901,0.5045,0.51876,0.02533,0.03711
1605,0.04863,0.06415,0.12617,0.1521,0.465,0.48253,0.0265,0.04038
1606,0.06388,0.07171,0.16933,0.18947,0.55167,0.56198,0.04017,0.05302
1607,0.05846,0.07061,0.13483,0.15751,0.47517,0.49353,0.02808,0.03924
1608,0.04983,0.06125,0.1335,0.15857,0.48717,0.50648,0.02542,0.03961
1609,0.06017,0.06982,0.15867,0.18246,0.533,0.54537,0.03683,0.05156
1610,0.06288,0.07201,0.164,0.1862,0.535,0.54635,0.03533,0.05205
1611,0.05088,0.06457,0.12317,0.1444,0.46367,0.48161,0.02333,0.0351
1612,0.05692,0.06777,0.133,0.15578,0.48483,0.50193,0.02408,0.03404
1613,0.05842,0.06935,0.15133,0.17499,0.5,0.51732,0.03192,0.04774
1614,0.05317,0.06492,0.15167,0.17555,0.50833,0.52727,0.032,0.0466
1615,0.05408,0.06416,0.1445,0.17127,0.51017,0.5269,0.03225,0.04692
1616,0.05221,0.0648,0.1285,0.15324,0.48,0.49833,0.02633,0.04022
1617,0.06533,0.07445,0.16,0.18315,0.51867,0.53213,0.03358,0.04887
1618,0.05304,0.06548,0.1305,0.15267,0.48467,0.50251,0.0245,0.03709
1619,0.06046,0.07166,0.13817,0.15735,0.49683,0.51288,0.02708,0.03896
1620,0.04983,0.06267,0.1255,0.15044,0.4705,0.4911,0.02417,0.03674
1621,0.06146,0.07148,0.15217,0.1734,0.51633,0.53078,0.02967,0.04384
1622,0.05117,0.06441,0.1205,0.14197,0.4715,0.48689,0.02158,0.0342
1623,0.05496,0.06692,0.14817,0.17343,0.50483,0.52313,0.03067,0.04906
1624,0.0615,0.07106,0.1555,0.17882,0.522,0.53573,0.03492,0.04862
1625,0.06029,0.07061,0.16283,0.18788,0.51767,0.53464,0.03925,0.05361
1626,0.05858,0.06718,0.15733,0.18267,0.52033,0.53632,0.03375,0.04875
1627,0.04692,0.06049,0.1235,0.14701,0.47717,0.49634,0.02142,0.03346
1628,0.05125,0.06324,0.12,0.14249,0.46583,0.48499,0.02183,0.03327
1629,0.05196,0.06472,0.13017,0.15469,0.48383,0.50023,0.02275,0.03749
1630,0.05725,0.0679,0.13683,0.15894,0.503,0.52003,0.02792,0.04077
1631,0.05975,0.0705,0.148,0.17046,0.50233,0.51771,0.03067,0.04569
1632,0.05996,0.07139,0.13933,0.15852,0.5045,0.52005,0.02842,0.04157
1633,0.04992,0.06207,0.14717,0.17521,0.502,0.52066,0.03167,0.04882
1634,0.05888,0.06971,0.14467,0.16566,0.50983,0.52457,0.02842,0.04182
1635,0.05858,0.0676,0.1545,0.17785,0.52183,0.53941,0.03583,0.04766
1636,0.06246,0.0709,0.15167,0.17171,0.51217,0.52677,0.03275,0.04449
1637,0.07042,0.0774,0.16433,0.17966,0.52983,0.54205,0.03033,0.04274
1638,0.05238,0.06561,0.13383,0.15809,0.48183,0.49789,0.02475,0.04126
1639,0.05654,0.06763,0.142,0.16532,0.493,0.51128,0.02842,0.04235
1640,0.05617,0.07043,0.11617,0.135,0.45483,0.47101,0.02092,0.02962
1641,0.05921,0.06977,0.1445,0.16642,0.507,0.52256,0.0295,0.04153
1642,0.05963,0.06788,0.15833,0.18214,0.52317,0.5381,0.0355,0.04877
1643,0.05946,0.06927,0.17233,0.19749,0.5295,0.54608,0.04225,0.05587
1644,0.05621,0.06758,0.14717,0.16928,0.51033,0.52564,0.02833,0.04327
1645,0.05888,0.06885,0.1565,0.17903,0.51467,0.53169,0.03242,0.04438
1646,0.05813,0.06934,0.144,0.1682,0.49617,0.51252,0.02975,0.04497
1647,0.05025,0.06299,0.13067,0.15702,0.475,0.49527,0.02808,0.04261
1648,0.06608,0.07513,0.156,0.17616,0.522,0.53434,0.03433,0.04696
1649,0.06054,0.073,0.12633,0.14614,0.48967,0.50351,0.02483,0.03423
1650,0.05229,0.0649,0.13217,0.15693,0.482,0.49792,0.0255,0.03887
1651,0.07479,0.08028,0.165,0.17953,0.53533,0.54456,0.03125,0.0429
1652,0.06358,0.07297,0.15033,0.16805,0.52117,0.53384,0.02983,0.04074
1653,0.04946,0.06279,0.12833,0.15557,0.47183,0.49167,0.02642,0.03817
1654,0.06308,0.07359,0.1335,0.15229,0.49333,0.50944,0.02525,0.03565
1655,0.059,0.06937,0.13367,0.15481,0.489,0.50579,0.02658,0.03713
1656,0.05788,0.06922,0.1415,0.16418,0.49767,0.51413,0.03142,0.04377
1657,0.0555,0.06689,0.144,0.16851,0.51283,0.52726,0.02792,0.04418
1658,0.05396,0.0671,0.13767,0.16083,0.49667,0.51378,0.02467,0.03778
1659,0.06246,0.07345,0.14217,0.16005,0.50467,0.51995,0.026,0.03645
1660,0.0555,0.06698,0.1355,0.1588,0.48583,0.50409,0.02658,0.03557
1661,0.05354,0.06523,0.14533,0.16902,0.49983,0.51651,0.02758,0.04279
1662,0.06129,0.07126,0.13333,0.15313,0.4955,0.51034,0.02517,0.03679
1663,0.05017,0.06507,0.1325,0.16093,0.46233,0.48092,0.02758,0.0444
1664,0.04688,0.06005,0.12883,0.15519,0.47067,0.49156,0.02475,0.03906
1665,0.06196,0.07051,0.15117,0.16942,0.52033,0.53492,0.03092,0.04183
1666,0.05988,0.0692,0.16217,0.18481,0.52817,0.5445,0.03908,0.05286
1667,0.0605,0.06974,0.15617,0.1751,0.5275,0.54099,0.02975,0.04464
1668,0.06121,0.07104,0.151,0.17277,0.52567,0.54002,0.03125,0.0475
1669,0.06025,0.07069,0.145,0.16796,0.49917,0.51719,0.03,0.04363
1670,0.06388,0.07312,0.1575,0.17823,0.52333,0.53551,0.03367,0.04747
1671,0.05629,0.06807,0.13883,0.16547,0.4875,0.50546,0.03192,0.04646
1672,0.05025,0.06285,0.1305,0.15408,0.47167,0.49108,0.02533,0.03724
1673,0.06871,0.07618,0.1715,0.18905,0.545,0.55667,0.038,0.05084
1674,0.05629,0.06841,0.13983,0.16522,0.49367,0.5099,0.02917,0.04263
1675,0.05892,0.06974,0.138,0.16352,0.4975,0.5113,0.02925,0.04023
1676,0.04667,0.05799,0.14433,0.17287,0.50517,0.52583,0.03008,0.04532
1677,0.0665,0.07374,0.17,0.1887,0.54867,0.55859,0.03825,0.05206
1678,0.05113,0.06491,0.117,0.13765,0.4645,0.48133,0.02217,0.03158
1679,0.05675,0.06755,0.14133,0.16229,0.49767,0.51221,0.02533,0.03606
1680,0.0555,0.06674,0.1365,0.16205,0.49367,0.51105,0.02733,0.0413
1681,0.05521,0.06632,0.14567,0.17057,0.50617,0.52236,0.03483,0.04891
1682,0.05975,0.07133,0.14,0.16316,0.49817,0.51261,0.02783,0.04122
1683,0.05638,0.06631,0.1465,0.16896,0.517,0.53222,0.02825,0.04192
1684,0.05363,0.06673,0.13383,0.1613,0.48433,0.50326,0.03108,0.04779
1685,0.06008,0.07041,0.15017,0.17597,0.50033,0.51753,0.03583,0.05008
1686,0.05867,0.06751,0.16067,0.18761,0.51733,0.53394,0.03433,0.05017
1687,0.05558,0.06638,0.16467,0.19153,0.51833,0.53607,0.03825,0.05308
1688,0.06038,0.07021,0.15867,0.18366,0.51233,0.52839,0.03867,0.05266
1689,0.05421,0.06585,0.13383,0.1569,0.49033,0.51042,0.02617,0.03885
1690,0.05833,0.06836,0.1525,0.17626,0.51017,0.52414,0.03117,0.04698
1691,0.05746,0.06865,0.13283,0.15376,0.4875,0.50318,0.02908,0.04009
1692,0.06033,0.07026,0.14017,0.16037,0.5115,0.52556,0.02725,0.03921
1693,0.06279,0.07279,0.14133,0.16064,0.51033,0.5239,0.02592,0.03627
1694,0.06092,0.07066,0.147,0.16727,0.51333,0.5292,0.02608,0.04122
1695,0.06417,0.07411,0.145,0.16425,0.5055,0.52008,0.02725,0.04085
1696,0.04879,0.06245,0.12783,0.15677,0.47233,0.49192,0.02783,0.04336
1697,0.05467,0.06722,0.13683,0.15819,0.48783,0.5052,0.0285,0.04254
1698,0.06442,0.074,0.14433,0.16376,0.49683,0.51304,0.02975,0.04087
1699,0.06217,0.07276,0.1465,0.16784,0.51483,0.52943,0.03217,0.04694
1700,0.05913,0.06997,0.14283,0.16321,0.505,0.51962,0.02883,0.04157
1701,0.06233,0.07194,0.1475,0.16533,0.51083,0.52577,0.02525,0.03503
1702,0.05196,0.0629,0.14333,0.16882,0.50133,0.51902,0.02925,0.04558
1703,0.05375,0.066,0.1455,0.1722,0.4985,0.51594,0.03142,0.04432
1704,0.06296,0.07164,0.15883,0.18112,0.52583,0.53854,0.03133,0.04776
1705,0.04892,0.06191,0.128,0.15389,0.4845,0.50102,0.02317,0.03697
1706,0.05538,0.06657,0.13033,0.15377,0.48567,0.50131,0.02475,0.0371
1707,0.05404,0.0666,0.14217,0.16835,0.49617,0.51441,0.03192,0.04851
1708,0.05817,0.06794,0.15383,0.17991,0.509,0.5252,0.03383,0.05064
1709,0.05154,0.06469,0.119,0.14286,0.47383,0.48987,0.02525,0.03457
1710,0.05588,0.06736,0.13567,0.15565,0.49517,0.51072,0.02417,0.03802
1711,0.05883,0.06905,0.15233,0.17719,0.505,0.52236,0.032,0.04778
1712,0.05329,0.06495,0.14433,0.1698,0.49067,0.51207,0.03192,0.04551
1713,0.05867,0.06936,0.154,0.175,0.51867,0.53407,0.02933,0.04201
1714,0.06283,0.07194,0.1615,0.18321,0.52817,0.54308,0.03558,0.05
1715,0.05367,0.0659,0.1205,0.14429,0.46083,0.47743,0.02275,0.03489
1716,0.05442,0.06643,0.13367,0.15521,0.489,0.50688,0.023,0.03498
1717,0.06442,0.07245,0.17517,0.19798,0.53533,0.54912,0.041,0.05572
1718,0.04971,0.06213,0.13667,0.16329,0.49183,0.50932,0.02725,0.04139
1719,0.05396,0.0655,0.133,0.15496,0.48933,0.50694,0.02375,0.03839
1720,0.06142,0.07029,0.16683,0.1905,0.5345,0.5493,0.03942,0.05268
1721,0.05425,0.06428,0.14267,0.16723,0.5135,0.5306,0.02883,0.04306
1722,0.0595,0.06992,0.14967,0.17209,0.52067,0.53611,0.03042,0.04667
1723,0.05088,0.06334,0.144,0.17043,0.49283,0.51216,0.03183,0.04707
1724,0.06704,0.0755,0.15883,0.17949,0.523,0.53744,0.03617,0.04787
1725,0.06404,0.07384,0.148,0.17013,0.50983,0.52448,0.03125,0.04362
1726,0.05163,0.06435,0.146,0.17492,0.48717,0.5086,0.03167,0.04819
1727,0.05671,0.06925,0.12767,0.1495,0.48567,0.50134,0.02417,0.03567
1728,0.05979,0.07103,0.14933,0.17104,0.5065,0.52231,0.03075,0.04455
1729,0.0605,0.07144,0.15017,0.17466,0.49933,0.51406,0.03108,0.04469
1730,0.05908,0.07076,0.14517,0.16721,0.50067,0.51962,0.03108,0.04394
1731,0.05358,0.06583,0.126,0.14909,0.4745,0.49317,0.02175,0.03171
1732,0.06513,0.07427,0.15717,0.17765,0.51633,0.52943,0.03008,0.04843
1733,0.06304,0.07176,0.14533,0.16711,0.50967,0.52419,0.0305,0.04302
1734,0.0535,0.06654,0.12833,0.15159,0.48183,0.50059,0.02517,0.03963
1735,0.05479,0.06647,0.14933,0.17779,0.4965,0.51246,0.03608,0.05419
1736,0.05908,0.07031,0.14,0.16089,0.49483,0.5111,0.02567,0.03725
1737,0.06025,0.07148,0.13583,0.15826,0.4925,0.50691,0.02892,0.03955
1738,0.06483,0.07343,0.15417,0.17703,0.51517,0.52897,0.0345,0.04843
1739,0.05521,0.06681,0.1335,0.15588,0.48917,0.50568,0.02633,0.03729
1740,0.06538,0.07395,0.15333,0.17534,0.50867,0.52433,0.03308,0.04536
1741,0.05004,0.0636,0.129,0.15451,0.48067,0.49805,0.02692,0.04093
1742,0.05933,0.0699,0.13317,0.15282,0.4895,0.50692,0.0255,0.037
1743,0.0525,0.06469,0.13983,0.16781,0.49267,0.50956,0.03033,0.04884
1744,0.05812,0.06695,0.17083,0.19456,0.54083,0.555,0.043,0.05675
1745,0.0575,0.06822,0.12733,0.14631,0.488,0.50493,0.02317,0.03272
1746,0.05238,0.06504,0.14383,0.17202,0.49417,0.51285,0.03067,0.04878
1747,0.05575,0.06769,0.12583,0.14937,0.47117,0.48866,0.02317,0.03788
1748,0.06704,0.07565,0.15567,0.17486,0.5215,0.53692,0.03242,0.04653
1749,0.05688,0.06748,0.14233,0.16508,0.4995,0.51614,0.02583,0.03854
1750,0.06042,0.06999,0.1515,0.17379,0.52367,0.53672,0.032,0.04576
1751,0.05883,0.07012,0.13767,0.16069,0.49433,0.5076,0.028,0.04361
1752,0.05338,0.06501,0.14517,0.17127,0.50417,0.52137,0.03075,0.04338
1753,0.06333,0.07357,0.13733,0.15287,0.49633,0.51105,0.0245,0.03418
1754,0.057,0.06922,0.1325,0.15163,0.488,0.50331,0.02667,0.03699
1755,0.05392,0.0669,0.1245,0.14613,0.4715,0.49183,0.02342,0.032
1756,0.05617,0.06767,0.13683,0.16001,0.48883,0.50687,0.0275,0.04067
1757,0.05704,0.06708,0.1415,0.16197,0.48617,0.50397,0.02758,0.04087
1758,0.05658,0.06923,0.14117,0.16457,0.489,0.50679,0.02975,0.04155
1759,0.06271,0.07265,0.14583,0.1657,0.51183,0.52497,0.02992,0.04321
1760,0.04917,0.06213,0.12783,0.15873,0.47067,0.49237,0.02842,0.04608
1761,0.05242,0.0647,0.13433,0.16245,0.48467,0.50376,0.029,0.04436
1762,0.06067,0.07017,0.15133,0.17336,0.50833,0.52702,0.031,0.04467
1763,0.05742,0.06882,0.13483,0.15477,0.49567,0.51015,0.02208,0.03303
1764,0.0615,0.07023,0.1615,0.18373,0.53067,0.54756,0.03683,0.04798
1765,0.05096,0.06288,0.14017,0.16752,0.49433,0.51094,0.02933,0.04861
1766,0.06325,0.07316,0.14717,0.1688,0.51017,0.52161,0.03325,0.04472
1767,0.05967,0.07094,0.152,0.17387,0.50767,0.52218,0.03192,0.04461
1768,0.05596,0.06782,0.12767,0.1503,0.48733,0.50339,0.02492,0.03764
1769,0.06375,0.07274,0.155,0.17455,0.52433,0.53811,0.03175,0.04608
1770,0.06229,0.07218,0.15133,0.17261,0.5155,0.52804,0.03225,0.04521
1771,0.06438,0.073,0.14717,0.16686,0.51,0.52507,0.02725,0.04049
1772,0.05404,0.06766,0.12233,0.1417,0.47067,0.48896,0.02125,0.03246
1773,0.05225,0.06379,0.133,0.16051,0.47667,0.49501,0.02717,0.04492
1774,0.06179,0.07181,0.16333,0.18723,0.5245,0.53699,0.03542,0.05353
1775,0.05746,0.06868,0.14067,0.16371,0.49717,0.51313,0.02708,0.04198
1776,0.05592,0.06805,0.14267,0.1658,0.49883,0.51533,0.02925,0.04347
1777,0.06296,0.07168,0.16183,0.18225,0.5265,0.53989,0.03342,0.048
1778,0.04975,0.06263,0.1435,0.17229,0.478,0.49845,0.03417,0.04842
1779,0.05883,0.06953,0.13583,0.1582,0.496,0.51229,0.02692,0.039
1780,0.06475,0.07202,0.1535,0.17299,0.52833,0.54181,0.03275,0.04355
1781,0.04779,0.06107,0.129,0.15282,0.478,0.49913,0.02542,0.03654
1782,0.05963,0.07003,0.149,0.17069,0.50067,0.51845,0.03158,0.04364
1783,0.06621,0.07508,0.16383,0.18533,0.5335,0.54674,0.03792,0.05293
1784,0.05833,0.06877,0.14817,0.17357,0.51117,0.52728,0.03358,0.04899
1785,0.05838,0.06987,0.13667,0.15524,0.50083,0.51488,0.02817,0.04087
1786,0.05113,0.06389,0.13083,0.1563,0.47883,0.49676,0.02667,0.03841
1787,0.04996,0.06344,0.12633,0.15172,0.47417,0.49257,0.02508,0.03934
1788,0.063,0.07255,0.146,0.16577,0.513,0.52687,0.02717,0.03854
1789,0.05854,0.07051,0.134,0.15212,0.49233,0.5066,0.02292,0.03283
1790,0.06833,0.07729,0.15417,0.17269,0.521,0.53348,0.03083,0.04441
1791,0.06508,0.07399,0.16717,0.18557,0.536,0.54991,0.03633,0.04989
1792,0.05954,0.06843,0.14017,0.15888,0.50417,0.52078,0.02375,0.03313
1793,0.06117,0.07116,0.15283,0.17549,0.51617,0.53398,0.0315,0.0473
1794,0.05721,0.06911,0.14417,0.16854,0.50083,0.51681,0.02808,0.04232
1795,0.05433,0.06791,0.13,0.15389,0.486,0.50146,0.0265,0.03995
1796,0.04571,0.05877,0.13733,0.16473,0.48733,0.50561,0.02808,0.04595
1797,0.048,0.06111,0.134,0.16543,0.487,0.50301,0.02967,0.04707
1798,0.0605,0.07002,0.16067,0.18146,0.53,0.54427,0.03175,0.04473
1799,0.06125,0.07178,0.1535,0.17443,0.51233,0.52729,0.03,0.04345
1800,0.058,0.0689,0.14117,0.16351,0.49783,0.51468,0.02817,0.04062
1801,0.05946,0.06859,0.161,0.18689,0.52067,0.53467,0.03658,0.05543
1802,0.05617,0.06904,0.1305,0.1541,0.486,0.50051,0.0235,0.04042
1803,0.06383,0.07282,0.161,0.18554,0.52283,0.53984,0.03967,0.0528
1804,0.05346,0.0662,0.13167,0.15443,0.4885,0.50413,0.02558,0.03928
1805,0.06079,0.07058,0.1525,0.17023,0.51917,0.53204,0.02892,0.04113
1806,0.06025,0.07024,0.149,0.17237,0.50367,0.51936,0.032,0.04679
1807,0.06317,0.07285,0.16183,0.18243,0.52683,0.54001,0.0365,0.05006
1808,0.06833,0.07708,0.14633,0.16227,0.51233,0.5263,0.02883,0.04178
1809,0.05888,0.06982,0.1615,0.18529,0.52667,0.54086,0.03808,0.05321
1810,0.06113,0.06991,0.15583,0.1772,0.52367,0.53963,0.03167,0.04676
1811,0.05392,0.06619,0.129,0.15213,0.47383,0.49135,0.02325,0.03292
1812,0.05879,0.07062,0.14233,0.16531,0.50367,0.51805,0.03042,0.04488
1813,0.05813,0.06739,0.15867,0.18176,0.5195,0.53572,0.0355,0.05012
1814,0.05358,0.06572,0.1525,0.17601,0.5075,0.52458,0.03108,0.04642
1815,0.056,0.06817,0.15,0.1755,0.50517,0.52108,0.0315,0.0455
1816,0.05263,0.06484,0.13833,0.16109,0.49967,0.51562,0.02525,0.03941
1817,0.04963,0.06349,0.13167,0.15962,0.4825,0.50162,0.02875,0.04374
1818,0.04917,0.06223,0.1185,0.14337,0.4645,0.48183,0.02267,0.03399
1819,0.05146,0.06472,0.13083,0.15502,0.47617,0.49414,0.02467,0.03807
1820,0.05404,0.06707,0.12533,0.14571,0.477,0.4937,0.025,0.03424
1821,0.05771,0.06871,0.141,0.16511,0.5035,0.51955,0.031,0.04449
1822,0.05683,0.06698,0.14,0.1626,0.50117,0.5167,0.03042,0.04368
1823,0.05346,0.06599,0.133,0.15548,0.48817,0.5068,0.02658,0.03999
1824,0.05263,0.06485,0.13467,0.15968,0.48333,0.50026,0.02833,0.04248
1825,0.06096,0.07064,0.149,0.16927,0.5135,0.52735,0.03017,0.04421
1826,0.05475,0.06599,0.15817,0.18303,0.5215,0.53855,0.03583,0.05291
1827,0.06142,0.07037,0.15467,0.17836,0.519,0.53363,0.03083,0.04298
1828,0.0605,0.07266,0.14,0.1585,0.50167,0.51679,0.02808,0.03946
1829,0.06917,0.07732,0.14367,0.15771,0.51067,0.52203,0.02467,0.0323
1830,0.05867,0.07139,0.13967,0.16151,0.48983,0.50711,0.02742,0.03935
1831,0.05146,0.0647,0.12667,0.14845,0.4745,0.49068,0.02383,0.03541
1832,0.05779,0.07005,0.13033,0.14906,0.48783,0.50138,0.02325,0.03508
1833,0.06221,0.07209,0.14317,0.16463,0.504,0.51971,0.02883,0.04073
1834,0.05396,0.06696,0.1345,0.157,0.4885,0.50598,0.02542,0.03892
1835,0.04896,0.0628,0.12467,0.14948,0.469,0.48606,0.0235,0.03653
1836,0.06304,0.07243,0.15633,0.17428,0.51733,0.53204,0.03158,0.04272
1837,0.06283,0.07266,0.14783,0.16686,0.50683,0.52287,0.03017,0.04197
1838,0.05496,0.06703,0.15,0.17429,0.49867,0.51736,0.03033,0.04362
1839,0.06438,0.07375,0.1555,0.17673,0.51983,0.53222,0.03475,0.04686
1840,0.0615,0.07302,0.134,0.15531,0.49267,0.50689,0.0275,0.03964
1841,0.06179,0.0722,0.15617,0.17773,0.5155,0.52992,0.03108,0.04364
1842,0.062,0.07115,0.1645,0.18601,0.52283,0.53891,0.03842,0.05114
1843,0.05154,0.06357,0.13933,0.16634,0.50317,0.52032,0.028,0.04427
1844,0.06446,0.07395,0.14233,0.15933,0.49233,0.51018,0.02758,0.03591
1845,0.05138,0.06362,0.12567,0.15256,0.47267,0.49154,0.025,0.03894
1846,0.06246,0.07253,0.13433,0.15193,0.50583,0.51987,0.02833,0.03789
1847,0.061,0.0691,0.15483,0.17287,0.5295,0.54359,0.02883,0.04211
1848,0.05192,0.06562,0.12933,0.15543,0.47683,0.49296,0.02683,0.04294
1849,0.04388,0.05809,0.12183,0.15043,0.45433,0.47395,0.02408,0.03893
1850,0.04708,0.06052,0.12667,0.15393,0.48117,0.49975,0.02808,0.04156
1851,0.05096,0.06401,0.13683,0.15997,0.48867,0.50741,0.02558,0.04163
1852,0.05071,0.0627,0.134,0.15916,0.48617,0.50525,0.0265,0.04028
1853,0.05633,0.06818,0.1285,0.14961,0.48283,0.49959,0.024,0.03543
1854,0.05767,0.0695,0.1505,0.17326,0.51267,0.52947,0.03183,0.04713
1855,0.05954,0.06981,0.14933,0.17126,0.51033,0.52693,0.0325,0.04462
1856,0.05779,0.06845,0.14533,0.16717,0.51333,0.52933,0.02942,0.04558
1857,0.06688,0.07462,0.16583,0.18486,0.53033,0.54443,0.034,0.04577
1858,0.05508,0.06444,0.15133,0.17604,0.51817,0.53516,0.03075,0.04721
1859,0.062,0.07156,0.153,0.17345,0.52483,0.53805,0.02917,0.04371
1860,0.05008,0.06349,0.11883,0.14297,0.46433,0.48304,0.02275,0.03376
1861,0.05708,0.06822,0.1485,0.17203,0.503,0.51813,0.03442,0.0474
1862,0.05825,0.06933,0.152,0.17478,0.502,0.51904,0.03517,0.0491
1863,0.05617,0.06959,0.11833,0.14147,0.46333,0.48112,0.024,0.03349
1864,0.05933,0.06999,0.14333,0.16469,0.50983,0.52466,0.02817,0.04155
1865,0.05842,0.06934,0.14217,0.16195,0.50833,0.52359,0.029,0.03998
1866,0.05133,0.06238,0.14433,0.17495,0.49233,0.50992,0.03542,0.0529
1867,0.05467,0.0653,0.1435,0.16916,0.49933,0.51416,0.031,0.04788
1868,0.059,0.06989,0.146,0.16955,0.51,0.52598,0.03175,0.04457
1869,0.0605,0.07099,0.1415,0.16447,0.493,0.50866,0.02933,0.04322
1870,0.05592,0.06734,0.13317,0.154,0.5025,0.51574,0.02633,0.04017
1871,0.05704,0.06785,0.15083,0.17531,0.50317,0.52098,0.03275,0.04707
1872,0.057,0.06774,0.153,0.17679,0.5075,0.52431,0.03317,0.04328
1873,0.06071,0.07111,0.13717,0.15682,0.496,0.51171,0.02633,0.03758
1874,0.04788,0.05988,0.12567,0.14938,0.48083,0.49852,0.02592,0.03832
1875,0.05113,0.06513,0.12167,0.14467,0.46633,0.4844,0.02258,0.03523
1876,0.06258,0.07146,0.1445,0.1675,0.5165,0.53057,0.03008,0.04374
1877,0.06079,0.07109,0.1475,0.17261,0.50667,0.52346,0.03458,0.04876
1878,0.056,0.06686,0.14133,0.16475,0.49533,0.51476,0.0315,0.0427
1879,0.0585,0.06856,0.1495,0.17354,0.50667,0.52379,0.03217,0.04737
1880,0.05342,0.06581,0.132,0.1548,0.486,0.50386,0.02392,0.03666
1881,0.05988,0.06974,0.1525,0.17833,0.5025,0.52167,0.03333,0.04842
1882,0.05246,0.06417,0.1375,0.16444,0.4935,0.51122,0.02942,0.0433
1883,0.05779,0.0698,0.12817,0.15113,0.47083,0.48701,0.02408,0.03721
1884,0.06012,0.06925,0.16717,0.19124,0.52633,0.54231,0.03633,0.05231
1885,0.05579,0.06728,0.14433,0.16825,0.51017,0.52667,0.02967,0.04345
1886,0.06642,0.07473,0.15733,0.17664,0.53067,0.54297,0.03625,0.04943
1887,0.06033,0.0707,0.142,0.1618,0.50283,0.5188,0.028,0.04087
1888,0.05771,0.06683,0.1495,0.17282,0.507,0.52168,0.03267,0.0429
1889,0.05567,0.0672,0.15,0.17741,0.50933,0.52596,0.03333,0.05
1890,0.06171,0.07198,0.14317,0.16291,0.50917,0.52354,0.0285,0.04118
1891,0.05546,0.06924,0.129,0.15203,0.46617,0.48428,0.02533,0.03867
1892,0.04821,0.06067,0.14167,0.17341,0.47933,0.50018,0.03283,0.04953
1893,0.05608,0.06891,0.1435,0.16725,0.49333,0.51195,0.02642,0.04092
1894,0.05925,0.07166,0.136,0.15858,0.493,0.50763,0.03083,0.04477
1895,0.05617,0.06967,0.13733,0.15901,0.4825,0.50198,0.02608,0.03858
1896,0.05558,0.06807,0.1455,0.17194,0.49817,0.51533,0.031,0.0471
1897,0.05746,0.06949,0.13717,0.16033,0.4915,0.50918,0.03142,0.04285
1898,0.05413,0.06684,0.13667,0.15884,0.4865,0.50358,0.02467,0.03663
1899,0.05658,0.0677,0.134,0.15631,0.4905,0.50593,0.02758,0.04074
1900,0.05613,0.06724,0.14233,0.16617,0.501,0.51962,0.02933,0.04236
1901,0.06113,0.07163,0.15267,0.17378,0.5105,0.52652,0.03275,0.04532
1902,0.05429,0.06735,0.1205,0.14178,0.47367,0.48875,0.02167,0.03352
1903,0.05392,0.06493,0.14417,0.16701,0.501,0.51733,0.02808,0.04292
1904,0.05558,0.06859,0.13383,0.15511,0.48733,0.50185,0.02517,0.03878
1905,0.0685,0.07716,0.15233,0.17063,0.51917,0.53042,0.03233,0.04426
1906,0.06438,0.07428,0.1435,0.16264,0.50817,0.52408,0.02708,0.03775
1907,0.06025,0.06883,0.14917,0.16894,0.5155,0.53042,0.02492,0.03883
1908,0.06742,0.07654,0.14917,0.16935,0.51417,0.52725,0.03267,0.04446
1909,0.05392,0.06541,0.14667,0.17122,0.49667,0.51384,0.02933,0.04491
1910,0.05554,0.06644,0.1355,0.1577,0.501,0.51597,0.02258,0.03899
1911,0.05712,0.06905,0.143,0.16474,0.49117,0.50779,0.02942,0.04193
1912,0.04892,0.06295,0.13733,0.16619,0.47883,0.49896,0.02742,0.04433
1913,0.05904,0.07019,0.1405,0.16036,0.49833,0.51496,0.0305,0.04111
1914,0.06142,0.0716,0.148,0.16902,0.51433,0.52831,0.03108,0.04676
1915,0.05479,0.06742,0.1345,0.16099,0.47783,0.49585,0.03158,0.04533
1916,0.05529,0.06608,0.14767,0.17074,0.5025,0.51948,0.0305,0.04464
1917,0.0585,0.06947,0.14367,0.16679,0.49483,0.51204,0.02842,0.0438
1918,0.05454,0.06714,0.13667,0.15889,0.481,0.50018,0.02733,0.03873
1919,0.06454,0.07264,0.1565,0.17601,0.52217,0.53697,0.0315,0.04477
1920,0.05642,0.06771,0.13533,0.16222,0.48617,0.50386,0.02925,0.04384
1921,0.05254,0.06591,0.13617,0.1616,0.49033,0.50908,0.02692,0.03694
1922,0.05746,0.0695,0.143,0.16668,0.49867,0.51381,0.03008,0.04272
1923,0.05658,0.06819,0.13567,0.1595,0.4875,0.50447,0.02667,0.04078
1924,0.05929,0.06898,0.16283,0.18724,0.52667,0.54134,0.03492,0.05313
1925,0.056,0.067,0.13133,0.15146,0.4955,0.51203,0.02283,0.03389
1926,0.05775,0.06787,0.14417,0.1668,0.5095,0.5249,0.02883,0.04115
1927,0.059,0.06967,0.14767,0.16921,0.51083,0.52775,0.02983,0.0429
1928,0.05279,0.06421,0.15067,0.17841,0.50517,0.52212,0.03175,0.05074
1929,0.05488,0.06759,0.13283,0.15391,0.48183,0.50008,0.02592,0.03906
1930,0.06071,0.07067,0.14717,0.16838,0.511,0.52594,0.02758,0.03853
1931,0.05088,0.06402,0.1285,0.15048,0.47967,0.49566,0.02492,0.03724
1932,0.06283,0.07148,0.16,0.1811,0.523,0.53783,0.03725,0.0516
1933,0.06121,0.06968,0.1595,0.17935,0.53183,0.54662,0.03325,0.0465
1934,0.06275,0.07221,0.16033,0.18165,0.52283,0.53541,0.03517,0.04874
1935,0.06254,0.07215,0.149,0.16969,0.50433,0.51979,0.02983,0.04189
1936,0.06146,0.07015,0.15983,0.18123,0.5275,0.54257,0.03092,0.0474
1937,0.05058,0.06292,0.12317,0.14537,0.47817,0.49328,0.02308,0.03438
1938,0.0555,0.06756,0.13267,0.15539,0.48783,0.50376,0.02817,0.03963
1939,0.06108,0.07126,0.15767,0.18158,0.51783,0.53389,0.03442,0.05004
1940,0.05029,0.06344,0.135,0.16426,0.49217,0.50966,0.02908,0.04312
1941,0.05496,0.06537,0.15567,0.18227,0.51117,0.52837,0.03333,0.05207
1942,0.04733,0.05974,0.123,0.1502,0.4645,0.48396,0.02233,0.03567
1943,0.055,0.06751,0.14283,0.16755,0.50033,0.51885,0.02817,0.03986
1944,0.06033,0.07106,0.14533,0.16699,0.507,0.52284,0.03317,0.04514
1945,0.05517,0.06786,0.12967,0.15086,0.48167,0.49725,0.01983,0.03337
1946,0.06063,0.07092,0.15167,0.1775,0.50983,0.52575,0.034,0.04903
1947,0.05796,0.0676,0.14983,0.17421,0.51267,0.53016,0.033,0.04641
1948,0.05663,0.06773,0.14783,0.17121,0.503,0.52223,0.03158,0.04518
1949,0.05762,0.06751,0.14967,0.17256,0.51317,0.52983,0.02608,0.04088
1950,0.05838,0.07088,0.13317,0.15364,0.48483,0.50026,0.02567,0.03842
1951,0.06354,0.07404,0.16017,0.18082,0.52017,0.53399,0.0355,0.05185
1952,0.05592,0.06791,0.13033,0.15387,0.49117,0.50774,0.02608,0.0362
1953,0.05133,0.06165,0.14983,0.17911,0.49917,0.51995,0.0355,0.0534
1954,0.05729,0.06887,0.13317,0.15615,0.4925,0.50877,0.02667,0.03974
1955,0.05363,0.06302,0.1615,0.18583,0.52567,0.54139,0.03808,0.05076
1956,0.05875,0.07006,0.1505,0.17709,0.50517,0.52098,0.03575,0.05049
1957,0.0545,0.06727,0.1225,0.14408,0.46267,0.48279,0.0235,0.03413
1958,0.06458,0.07343,0.16383,0.18377,0.537,0.55121,0.03425,0.04778
1959,0.05083,0.06399,0.12983,0.15329,0.48467,0.50195,0.02467,0.03654
1960,0.06525,0.07405,0.16,0.18009,0.52017,0.53442,0.03592,0.04892
1961,0.05533,0.06741,0.13717,0.1585,0.49433,0.51272,0.0255,0.03789
1962,0.05171,0.06444,0.136,0.15949,0.4915,0.50901,0.0255,0.03979
1963,0.05825,0.0699,0.127,0.14528,0.488,0.50417,0.02325,0.03383
1964,0.06596,0.07453,0.1475,0.167,0.51133,0.52635,0.03008,0.04083
1965,0.05679,0.06834,0.12967,0.15,0.49,0.50715,0.02458,0.03455
1966,0.04933,0.06328,0.132,0.15791,0.4815,0.49825,0.026,0.04171
1967,0.06312,0.07133,0.16267,0.18381,0.53067,0.54514,0.035,0.04967
1968,0.04975,0.06195,0.14167,0.16938,0.48683,0.50429,0.03033,0.04566
1969,0.05804,0.06898,0.1515,0.17471,0.513,0.52751,0.02942,0.04417
1970,0.06283,0.07315,0.14183,0.15934,0.50517,0.51898,0.02583,0.03565
1971,0.04846,0.06215,0.12283,0.14994,0.4615,0.48115,0.02475,0.03781
1972,0.05042,0.06415,0.13283,0.15918,0.48667,0.50528,0.02792,0.04364
1973,0.05754,0.0689,0.13783,0.16153,0.48117,0.50194,0.02683,0.03921
1974,0.05275,0.06681,0.114,0.1341,0.45833,0.47473,0.0205,0.03059
1975,0.05613,0.06675,0.14883,0.17434,0.50117,0.52016,0.03092,0.04474
1976,0.06375,0.07454,0.145,0.1651,0.49767,0.51207,0.03108,0.04323
1977,0.04917,0.06334,0.13433,0.16019,0.48467,0.50389,0.02892,0.04464
1978,0.06008,0.07125,0.14183,0.1637,0.50233,0.52041,0.02725,0.03823
1979,0.05592,0.06682,0.14417,0.16822,0.50617,0.52164,0.02883,0.04451
1980,0.062,0.07217,0.15283,0.17597,0.52033,0.53661,0.03375,0.04762
1981,0.06088,0.07069,0.14467,0.16485,0.49483,0.5125,0.03,0.04293
1982,0.05946,0.07027,0.13267,0.15387,0.48817,0.50386,0.02425,0.03815
1983,0.06108,0.07135,0.15517,0.17961,0.50267,0.52239,0.03525,0.0489
1984,0.06075,0.07031,0.14233,0.16421,0.50783,0.52189,0.02708,0.04092
1985,0.05642,0.06832,0.13883,0.15978,0.4975,0.51276,0.02875,0.03969
1986,0.05392,0.06582,0.13883,0.16573,0.50017,0.51777,0.02817,0.0421
1987,0.04892,0.06252,0.13433,0.16424,0.47533,0.49624,0.03167,0.04639
1988,0.06075,0.07227,0.14017,0.16136,0.50267,0.51535,0.02925,0.04232
1989,0.06046,0.07154,0.14567,0.1671,0.50983,0.52369,0.03142,0.04117
1990,0.05646,0.0688,0.12983,0.15073,0.485,0.5036,0.02725,0.03835
1991,0.05067,0.06381,0.12383,0.14844,0.4715,0.48941,0.02458,0.03454
1992,0.05771,0.06869,0.128,0.14744,0.5025,0.51751,0.02125,0.03375
1993,0.06379,0.07283,0.14717,0.16738,0.50633,0.51883,0.02708,0.03868
1994,0.05646,0.06795,0.14833,0.17204,0.50767,0.52378,0.0285,0.04306
1995,0.05542,0.06737,0.138,0.16208,0.49633,0.51212,0.02825,0.04425
1996,0.05879,0.0695,0.14117,0.16417,0.4915,0.50834,0.02958,0.04185
1997,0.05442,0.06737,0.135,0.15909,0.492,0.50915,0.02583,0.03921
1998,0.05654,0.06836,0.135,0.15877,0.4955,0.50946,0.02933,0.03997
1999,0.06121,0.07139,0.14967,0.17222,0.51183,0.52718,0.03017,0.04576
2000,0.06333,0.07283,0.1615,0.18407,0.51983,0.53647,0.0375,0.05358
